delivery_id,Delivery_Time,Food_Quality,Ordering_Experince,Total_Rating
1271706,,,,
1271751,,,,
1272303,,,,
1272363,,,,
1272372,,,,
1272451,,,,
1272468,,,,
1272470,,,,
1272507,,,,
1272543,,,,
1272595,,,,
1272612,,,,
1272654,,,,
1272678,,,,
1272701,,,,
1272790,,,,
1272824,,,,
1272845,,,,
1272849,,,,
1272853,,,,
1272867,,,,
1272936,,,,
1272990,,,,
1273027,,,,
1273081,,,,
1273173,,,,
1273181,,,,
1273318,,,,
1273404,,,,
1273605,,,,
1273643,,,,
1273676,,,,
1273784,,,,
1273835,,,,
1273853,,,,
1273957,,,,
1273969,,,,
1273986,,,,
1274012,,,,
1274112,,,,
1274129,,,,
1274130,,,,
1274131,,,,
1274159,,,,
1274245,,,,
1274248,,,,
1274263,,,,
1274310,,,,
1274313,,,,
1274353,,,,
1274432,,,,
1274438,,,,
1274468,,,,
1274483,,,,
1274513,,,,
1274598,,,,
1274600,,,,
1274612,,,,
1274626,,,,
1274637,,,,
1274659,,,,
1274687,,,,
1274691,,,,
1274696,,,,
1274739,,,,
1274782,,,,
1274793,,,,
1274808,,,,
1274827,,,,
1274836,,,,
1274869,,,,
1274878,,,,
1274946,,,,
1274947,,,,
1274974,,,,
1274975,,,,
1275016,,,,
1275035,,,,
1275039,,,,
1275043,,,,
1275121,,,,
1275149,,,,
1275162,,,,
1275166,,,,
1275249,,,,
1275393,,,,
1275416,,,,
1275420,,,,
1275431,,,,
1275452,,,,
1275467,,,,
1275488,,,,
1275522,,,,
1275532,,,,
1275558,,,,
1275571,,,,
1275581,,,,
1275641,,,,
1275648,,,,
1275667,,,,
1275782,,,,
1275791,,,,
1275912,,,,
1275954,,,,
1275965,,,,
1276104,,,,
1276433,,,,
1276626,,,,
1276739,,,,
1276907,,,,
1277049,,,,
1277227,,,,
1277240,,,,
1277910,,,,
1277931,,,,
1277976,,,,
1278185,,,,
1278209,,,,
1278229,,,,
1278237,,,,
1278248,,,,
1278254,,,,
1278317,,,,
1278356,,,,
1278442,,,,
1278493,,,,
1278549,,,,
1278588,,,,
1278620,,,,
1278702,,,,
1278738,,,,
1278811,,,,
1278920,,,,
1278937,,,,
1278960,,,,
1278985,,,,
1279058,,,,
1279068,,,,
1279071,,,,
1279135,,,,
1279214,,,,
1279251,,,,
1279285,,,,
1279338,,,,
1279583,,,,
1279587,,,,
1279636,,,,
1279637,,,,
1279716,,,,
1279862,,,,
1279990,,,,
1280134,,,,
1280151,,,,
1280201,,,,
1280224,,,,
1280236,,,,
1280295,,,,
1280500,,,,
1280525,,,,
1280590,,,,
1280717,,,,
1280752,,,,
1281159,,,,
1281202,,,,
1281215,,,,
1281228,,,,
1281242,,,,
1281246,,,,
1281263,,,,
1281295,,,,
1281302,,,,
1281318,,,,
1281347,,,,
1281434,,,,
1281445,,,,
1281453,,,,
1281474,,,,
1281489,,,,
1281526,,,,
1281585,,,,
1281588,,,,
1281609,,,,
1281654,,,,
1281692,,,,
1281771,,,,
1281825,,,,
1281835,,,,
1281868,,,,
1281901,,,,
1281959,,,,
1281984,,,,
1281994,,,,
1282044,,,,
1282063,,,,
1282090,,,,
1282257,,,,
1282271,,,,
1282324,,,,
1282370,,,,
1282382,,,,
1282418,,,,
1282516,,,,
1282651,,,,
1283047,,,,
1283062,,,,
1283097,,,,
1283268,,,,
1283306,,,,
1283548,,,,
1283587,,,,
1283821,,,,
1283828,,,,
1283904,,,,
1284533,,,,
1284596,,,,
1284600,,,,
1284608,,,,
1284618,,,,
1284664,,,,
1284726,,,,
1284748,,,,
1284817,,,,
1284844,,,,
1284861,,,,
1284931,,,,
1284942,,,,
1284963,,,,
1284967,,,,
1285000,,,,
1285013,,,,
1285021,,,,
1285031,,,,
1285083,,,,
1285106,,,,
1285108,,,,
1285111,,,,
1285121,,,,
1285124,,,,
1285171,,,,
1285176,,,,
1285227,,,,
1285237,,,,
1285276,,,,
1285287,,,,
1285480,,,,
1285576,,,,
1285617,,,,
1285830,,,,
1286089,,,,
1286240,,,,
1286310,,,,
1286394,,,,
1286402,,,,
1286495,,,,
1286545,,,,
1286581,,,,
1286601,,,,
1286764,,,,
1287056,,,,
1287345,,,,
1287381,,,,
1287404,,,,
1287501,,,,
1287541,,,,
1287590,,,,
1287628,,,,
1287646,,,,
1287647,,,,
1287722,,,,
1287737,,,,
1287741,,,,
1287862,,,,
1287898,,,,
1287923,,,,
1288044,,,,
1288053,,,,
1288107,,,,
1288108,,,,
1288130,,,,
1288175,,,,
1288198,,,,
1288210,,,,
1288262,,,,
1288301,,,,
1288306,,,,
1288346,,,,
1288386,,,,
1288389,,,,
1288442,,,,
1288464,,,,
1288600,,,,
1288615,,,,
1288622,,,,
1288641,,,,
1288660,,,,
1288665,,,,
1288723,,,,
1288727,,,,
1288735,,,,
1288779,,,,
1288784,,,,
1288823,,,,
1288913,,,,
1288935,,,,
1288977,,,,
1288986,,,,
1289033,,,,
1289125,,,,
1289184,,,,
1289248,,,,
1289315,,,,
1289407,,,,
1289425,,,,
1289478,,,,
1289517,,,,
1289594,,,,
1289615,,,,
1289642,,,,
1289648,,,,
1289690,,,,
1289739,,,,
1289907,,,,
1290039,,,,
1290337,,,,
1290444,,,,
1290467,,,,
1290499,,,,
1290563,,,,
1290959,,,,
1291447,,,,
1291899,,,,
1291916,,,,
1291979,,,,
1292144,,,,
1292148,,,,
1292159,,,,
1292245,,,,
1292651,,,,
1292684,,,,
1292808,,,,
1292826,,,,
1292858,,,,
1292934,,,,
1293014,,,,
1293026,,,,
1293035,,,,
1293066,,,,
1293078,,,,
1293086,,,,
1293159,,,,
1293170,,,,
1293201,,,,
1293239,,,,
1293307,,,,
1293360,,,,
1293377,,,,
1293446,,,,
1293460,,,,
1293547,,,,
1293566,,,,
1293591,,,,
1293684,,,,
1293720,,,,
1293746,,,,
1293804,,,,
1293828,,,,
1293969,,,,
1293972,,,,
1294039,,,,
1294175,,,,
1294178,,,,
1294213,,,,
1294224,,,,
1294282,,,,
1294321,,,,
1294336,,,,
1294352,,,,
1294429,,,,
1294451,,,,
1294499,,,,
1294583,,,,
1294604,,,,
1294611,,,,
1294679,,,,
1294745,,,,
1294751,,,,
1294784,,,,
1294826,,,,
1294834,,,,
1294879,,,,
1294943,,,,
1295017,,,,
1295073,,,,
1295111,,,,
1295229,,,,
1295271,,,,
1295303,,,,
1295304,,,,
1295351,,,,
1295352,,,,
1295398,,,,
1295408,,,,
1295475,,,,
1295503,,,,
1295571,,,,
1295572,,,,
1295625,,,,
1295637,,,,
1295658,,,,
1295691,,,,
1295698,,,,
1295784,,,,
1295795,,,,
1295874,,,,
1295890,,,,
1295973,,,,
1296047,,,,
1296119,,,,
1296123,,,,
1296202,,,,
1296346,,,,
1296421,,,,
1296452,,,,
1296474,,,,
1296501,,,,
1296624,,,,
1296712,,,,
1296731,,,,
1297050,,,,
1297508,,,,
1297594,,,,
1297835,,,,
1297930,,,,
1298571,,,,
1298864,,,,
1298927,,,,
1298951,,,,
1298986,,,,
1299017,,,,
1299098,,,,
1299106,,,,
1299139,,,,
1299157,,,,
1299163,,,,
1299168,,,,
1299175,,,,
1299344,,,,
1299421,,,,
1299559,,,,
1299593,,,,
1299679,,,,
1299727,,,,
1299740,,,,
1299743,,,,
1299817,,,,
1299845,,,,
1299911,,,,
1299913,,,,
1300040,,,,
1300142,,,,
1300266,,,,
1300293,,,,
1300312,,,,
1300462,,,,
1300520,,,,
1300541,,,,
1300576,,,,
1300650,,,,
1300792,,,,
1300873,,,,
1300910,,,,
1300968,,,,
1301033,,,,
1301270,,,,
1301320,,,,
1301365,,,,
1301400,,,,
1301584,,,,
1301597,,,,
1301599,,,,
1301625,,,,
1301702,,,,
1301755,,,,
1301929,,,,
1301986,,,,
1302120,,,,
1302138,,,,
1302173,,,,
1302208,,,,
1302231,,,,
1302258,,,,
1302266,,,,
1302319,,,,
1302336,,,,
1302360,,,,
1302426,,,,
1302442,,,,
1302481,,,,
1302510,,,,
1302527,,,,
1302550,,,,
1302570,,,,
1302573,,,,
1302591,,,,
1302629,,,,
1302680,,,,
1302722,,,,
1302730,,,,
1302777,,,,
1302788,,,,
1302817,,,,
1302824,,,,
1302899,,,,
1302914,,,,
1302946,,,,
1302958,,,,
1302968,,,,
1302987,,,,
1303007,,,,
1303091,,,,
1303100,,,,
1303145,,,,
1303146,,,,
1303151,,,,
1303255,,,,
1303261,,,,
1303444,,,,
1303487,,,,
1303587,,,,
1303598,,,,
1303640,,,,
1303669,,,,
1303686,,,,
1303690,,,,
1303691,,,,
1303694,,,,
1303716,,,,
1303719,,,,
1303720,,,,
1303738,,,,
1303851,,,,
1303882,,,,
1303901,,,,
1303909,,,,
1303916,,,,
1303927,,,,
1304010,,,,
1304218,,,,
1304310,,,,
1304332,,,,
1304347,,,,
1304378,,,,
1304384,,,,
1304541,,,,
1304558,,,,
1304669,,,,
1304780,,,,
1304830,,,,
1304844,,,,
1304902,,,,
1305193,,,,
1305290,,,,
1305548,,,,
1305553,,,,
1305945,,,,
1306055,,,,
1306171,,,,
1306361,,,,
1306708,,,,
1306831,,,,
1307096,,,,
1307113,,,,
1307199,,,,
1307235,,,,
1307267,,,,
1307396,,,,
1307410,,,,
1307416,,,,
1307431,,,,
1307495,,,,
1307518,,,,
1307530,,,,
1307581,,,,
1307639,,,,
1307717,,,,
1307751,,,,
1307771,,,,
1307794,,,,
1307811,,,,
1307868,,,,
1307875,,,,
1307892,,,,
1307936,,,,
1307951,,,,
1307963,,,,
1308018,,,,
1308092,,,,
1308467,,,,
1308518,,,,
1308599,,,,
1308780,,,,
1308790,,,,
1308803,,,,
1308816,,,,
1308837,,,,
1308895,,,,
1308945,,,,
1308956,,,,
1308975,,,,
1309029,,,,
1309032,,,,
1309060,,,,
1309073,,,,
1309086,,,,
1309119,,,,
1309157,,,,
1309197,,,,
1309207,,,,
1309274,,,,
1309289,,,,
1309301,,,,
1309309,,,,
1309382,,,,
1309412,,,,
1309518,,,,
1309588,,,,
1309750,,,,
1309774,,,,
1309800,,,,
1309812,,,,
1309954,,,,
1310036,,,,
1310045,,,,
1310119,,,,
1310214,,,,
1310229,,,,
1310423,,,,
1310439,,,,
1310443,,,,
1310460,,,,
1310468,,,,
1310594,,,,
1310617,,,,
1310725,,,,
1310733,,,,
1310750,,,,
1310827,,,,
1310969,,,,
1311057,,,,
1311185,,,,
1311386,,,,
1311447,,,,
1311555,,,,
1311591,,,,
1311664,,,,
1311752,,,,
1312356,,,,
1312372,,,,
1312384,,,,
1312397,,,,
1312419,,,,
1312447,,,,
1312450,,,,
1312461,,,,
1312475,,,,
1312490,,,,
1312615,,,,
1312700,,,,
1312731,,,,
1312768,,,,
1312873,,,,
1312898,,,,
1312911,,,,
1312957,,,,
1312996,,,,
1313023,,,,
1313026,,,,
1313042,,,,
1313044,,,,
1313049,,,,
1313065,,,,
1313076,,,,
1313092,,,,
1313123,,,,
1313148,,,,
1313175,,,,
1313211,,,,
1313224,,,,
1313242,,,,
1313356,,,,
1313435,,,,
1313519,,,,
1313723,,,,
1313764,,,,
1313811,,,,
1313904,,,,
1313915,,,,
1314081,,,,
1314087,,,,
1314144,,,,
1314176,,,,
1314211,,,,
1314254,,,,
1314315,,,,
1314369,,,,
1314396,,,,
1314421,,,,
1314422,,,,
1314463,,,,
1314466,,,,
1314489,,,,
1314491,,,,
1314492,,,,
1314500,,,,
1314543,,,,
1314606,,,,
1314614,,,,
1314619,,,,
1314675,,,,
1314681,,,,
1314718,,,,
1314723,,,,
1314737,,,,
1314811,,,,
1314834,,,,
1314843,,,,
1314860,,,,
1314899,,,,
1314929,,,,
1314943,,,,
1314967,,,,
1314999,,,,
1315008,,,,
1315011,,,,
1315043,,,,
1315055,,,,
1315060,,,,
1315121,,,,
1315138,,,,
1315147,,,,
1315176,,,,
1315198,,,,
1315199,,,,
1315209,,,,
1315257,,,,
1315303,,,,
1315357,,,,
1315360,,,,
1315385,,,,
1315537,,,,
1315770,,,,
1315994,,,,
1316141,,,,
1316440,,,,
1316578,,,,
1316667,,,,
1316887,,,,
1316935,,,,
1317024,,,,
1317447,,,,
1317494,,,,
1317534,,,,
1317535,,,,
1317540,,,,
1317552,,,,
1317556,,,,
1317565,,,,
1317589,,,,
1317595,,,,
1317626,,,,
1317752,,,,
1317784,,,,
1317827,,,,
1317855,,,,
1317871,,,,
1317875,,,,
1317919,,,,
1317964,,,,
1317965,,,,
1318038,,,,
1318115,,,,
1318132,,,,
1318193,,,,
1318259,,,,
1318349,,,,
1318380,,,,
1318481,,,,
1318520,,,,
1318545,,,,
1318566,,,,
1318596,,,,
1318697,,,,
1318723,,,,
1318876,,,,
1318964,,,,
1319039,,,,
1319158,,,,
1319213,,,,
1319337,,,,
1319341,,,,
1319443,,,,
1319578,,,,
1319588,,,,
1319602,,,,
1319604,,,,
1319608,,,,
1319634,,,,
1319635,,,,
1319741,,,,
1319750,,,,
1319754,,,,
1319763,,,,
1319803,,,,
1319809,,,,
1319845,,,,
1319910,,,,
1319927,,,,
1319971,,,,
1320057,,,,
1320077,,,,
1320138,,,,
1320163,,,,
1320164,,,,
1320288,,,,
1320406,,,,
1320421,,,,
1320531,,,,
1320586,,,,
1320684,,,,
1320743,,,,
1320750,,,,
1320794,,,,
1320822,,,,
1320918,,,,
1320919,,,,
1321045,,,,
1321056,,,,
1321188,,,,
1321206,,,,
1321248,,,,
1321288,,,,
1321299,,,,
1321474,,,,
1321740,,,,
1321796,,,,
1321798,,,,
1321822,,,,
1321844,,,,
1321853,,,,
1322016,,,,
1322451,,,,
1322472,,,,
1322487,,,,
1322499,,,,
1322551,,,,
1322565,,,,
1322572,,,,
1322686,,,,
1322720,,,,
1322722,,,,
1322723,,,,
1322738,,,,
1322744,,,,
1322745,,,,
1322787,,,,
1322800,,,,
1322832,,,,
1322854,,,,
1322873,,,,
1322956,,,,
1322958,,,,
1323033,,,,
1323045,,,,
1323088,,,,
1323102,,,,
1323118,,,,
1323135,,,,
1323174,,,,
1323196,,,,
1323299,,,,
1323301,,,,
1323343,,,,
1323348,,,,
1323353,,,,
1323412,,,,
1323444,,,,
1323470,,,,
1323526,,,,
1323723,,,,
1324119,,,,
1324184,,,,
1324219,,,,
1324233,,,,
1324542,,,,
1324575,,,,
1324590,,,,
1324605,,,,
1324674,,,,
1324679,,,,
1324691,,,,
1324735,,,,
1324738,,,,
1324769,,,,
1324775,,,,
1324777,,,,
1324794,,,,
1324833,,,,
1324842,,,,
1324861,,,,
1324878,,,,
1324885,,,,
1324919,,,,
1324999,,,,
1325024,,,,
1325064,,,,
1325065,,,,
1325119,,,,
1325156,,,,
1325174,,,,
1325220,,,,
1325325,,,,
1325347,,,,
1325454,,,,
1325497,,,,
1325545,,,,
1325567,,,,
1325577,,,,
1325602,,,,
1325614,,,,
1325683,,,,
1325685,,,,
1325730,,,,
1325772,,,,
1325812,,,,
1325841,,,,
1325867,,,,
1325892,,,,
1325958,,,,
1325994,,,,
1326110,,,,
1326437,,,,
1326445,,,,
1326558,,,,
1326608,,,,
1326839,,,,
1326962,,,,
1327237,,,,
1327253,,,,
1327658,,,,
1327679,,,,
1327707,,,,
1327855,,,,
1327863,,,,
1328314,,,,
1328512,,,,
1328532,,,,
1328536,,,,
1328548,,,,
1328556,,,,
1328597,,,,
1328662,,,,
1328666,,,,
1328760,,,,
1328763,,,,
1328988,,,,
1329049,,,,
1329111,,,,
1329214,,,,
1329236,,,,
1329271,,,,
1329305,,,,
1329333,,,,
1329390,,,,
1329482,,,,
1329543,,,,
1329594,,,,
1329624,,,,
1329626,,,,
1329714,,,,
1329730,,,,
1329739,,,,
1329829,,,,
1329911,,,,
1330137,,,,
1330208,,,,
1330253,,,,
1330286,,,,
1330512,,,,
1330616,,,,
1330863,,,,
1330960,,,,
1331007,,,,
1331113,,,,
1331156,,,,
1331157,,,,
1331209,,,,
1331230,,,,
1331269,,,,
1331452,,,,
1331679,,,,
1331795,,,,
1331801,,,,
1331834,,,,
1331951,,,,
1332050,,,,
1332159,,,,
1332186,,,,
1332201,,,,
1332233,,,,
1332293,,,,
1332378,,,,
1332394,,,,
1332439,,,,
1332448,,,,
1332474,,,,
1332493,,,,
1332526,,,,
1332534,,,,
1332561,,,,
1332593,,,,
1332616,,,,
1332620,,,,
1332676,,,,
1332705,,,,
1332754,,,,
1332757,,,,
1332793,,,,
1332913,,,,
1332924,,,,
1332944,,,,
1332960,,,,
1333080,,,,
1333082,,,,
1333097,,,,
1333100,,,,
1333146,,,,
1333200,,,,
1333210,,,,
1333251,,,,
1333353,,,,
1333372,,,,
1333482,,,,
1333504,,,,
1333543,,,,
1333577,,,,
1333675,,,,
1333837,,,,
1333886,,,,
1334044,,,,
1334106,,,,
1334140,,,,
1334206,,,,
1334273,,,,
1334345,,,,
1334347,,,,
1334357,,,,
1334374,,,,
1334460,,,,
1334583,,,,
1334744,,,,
1334872,,,,
1335105,,,,
1335309,,,,
1335465,,,,
1335473,,,,
1335720,,,,
1336187,,,,
1336221,,,,
1336282,,,,
1336381,,,,
1336570,,,,
1336684,,,,
1336706,,,,
1336969,,,,
1337074,,,,
1337238,,,,
1337251,,,,
1337340,,,,
1337377,,,,
1337391,,,,
1337404,,,,
1337430,,,,
1337479,,,,
1337504,,,,
1337591,,,,
1337686,,,,
1337827,,,,
1337886,,,,
1337902,,,,
1338095,,,,
1338128,,,,
1338453,,,,
1338519,,,,
1338534,,,,
1338644,,,,
1338841,,,,
1338847,,,,
1339015,,,,
1339271,,,,
1339345,,,,
1339398,,,,
1339483,,,,
1339564,,,,
1339963,,,,
1339988,,,,
1340003,,,,
1340047,,,,
1340051,,,,
1340056,,,,
1340152,,,,
1340235,,,,
1340276,,,,
1340310,,,,
1340373,,,,
1340377,,,,
1340447,,,,
1340455,,,,
1340481,,,,
1340566,,,,
1340642,,,,
1340667,,,,
1340715,,,,
1340761,,,,
1340785,,,,
1340787,,,,
1340853,,,,
1340896,,,,
1340915,,,,
1340960,,,,
1341196,,,,
1341216,,,,
1341269,,,,
1341284,,,,
1341364,,,,
1341372,,,,
1341402,,,,
1341485,,,,
1341499,,,,
1341520,,,,
1341620,,,,
1341720,,,,
1341806,,,,
1341861,,,,
1341877,,,,
1341891,,,,
1342022,,,,
1342036,,,,
1342064,,,,
1342115,,,,
1342124,,,,
1342148,,,,
1342171,,,,
1342237,,,,
1342268,,,,
1342370,,,,
1342379,,,,
1342543,,,,
1342686,,,,
1342763,,,,
1342862,,,,
1343080,,,,
1343229,,,,
1343357,,,,
1343403,,,,
1343449,,,,
1343477,,,,
1343564,,,,
1343610,,,,
1344351,,,,
1344374,,,,
1344399,,,,
1344430,,,,
1344467,,,,
1344482,,,,
1344518,,,,
1344581,,,,
1344697,,,,
1344740,,,,
1344771,,,,
1344791,,,,
1344900,,,,
1344979,,,,
1345032,,,,
1345105,,,,
1345221,,,,
1345224,,,,
1345260,,,,
1345292,,,,
1345301,,,,
1345331,,,,
1345385,,,,
1345411,,,,
1345480,,,,
1345551,,,,
1345602,,,,
1345630,,,,
1345672,,,,
1345678,,,,
1345704,,,,
1345722,,,,
1345779,,,,
1345811,,,,
1345824,,,,
1345834,,,,
1345868,,,,
1346070,,,,
1346328,,,,
1346484,,,,
1346487,,,,
1346560,,,,
1346743,,,,
1347006,,,,
1347010,,,,
1347105,,,,
1347110,,,,
1347170,,,,
1347266,,,,
1347303,,,,
1347384,,,,
1347443,,,,
1347561,,,,
1347582,,,,
1347595,,,,
1347642,,,,
1347669,,,,
1347754,,,,
1347792,,,,
1347822,,,,
1347839,,,,
1347893,,,,
1347947,,,,
1347954,,,,
1347978,,,,
1347992,,,,
1348005,,,,
1348091,,,,
1348143,,,,
1348169,,,,
1348201,,,,
1348245,,,,
1348262,,,,
1348274,,,,
1348288,,,,
1348332,,,,
1348349,,,,
1348385,,,,
1348424,,,,
1348442,,,,
1348457,,,,
1348460,,,,
1348480,,,,
1348569,,,,
1348613,,,,
1348689,,,,
1348697,,,,
1348823,,,,
1348839,,,,
1348878,,,,
1348886,,,,
1349068,,,,
1349073,,,,
1349117,,,,
1349245,,,,
1349255,,,,
1349295,,,,
1349436,,,,
1349481,,,,
1349588,,,,
1349640,,,,
1349644,,,,
1349649,,,,
1349702,,,,
1349714,,,,
1349892,,,,
1349993,,,,
1350025,,,,
1350053,,,,
1350096,,,,
1350184,,,,
1350214,,,,
1350273,,,,
1350444,,,,
1350554,,,,
1350821,,,,
1350862,,,,
1351083,,,,
1351193,,,,
1351205,,,,
1351298,,,,
1351302,,,,
1351358,,,,
1351412,,,,
1351766,,,,
1351803,,,,
1351824,,,,
1352204,,,,
1352447,,,,
1352509,,,,
1353134,,,,
1353212,,,,
1353476,,,,
1353568,,,,
1353631,,,,
1353699,,,,
1353720,,,,
1353867,,,,
1353896,,,,
1353928,,,,
1353936,,,,
1353941,,,,
1353985,,,,
1354026,,,,
1354092,,,,
1354177,,,,
1354211,,,,
1354224,,,,
1354300,,,,
1354476,,,,
1354609,,,,
1354706,,,,
1354847,,,,
1354877,,,,
1354929,,,,
1354974,,,,
1354993,,,,
1355059,,,,
1355065,,,,
1355110,,,,
1355260,,,,
1355477,,,,
1355600,,,,
1355623,,,,
1355624,,,,
1355729,,,,
1355747,,,,
1355749,,,,
1355829,,,,
1355955,,,,
1355972,,,,
1356131,,,,
1356145,,,,
1356147,,,,
1356218,,,,
1356261,,,,
1356343,,,,
1356358,,,,
1356380,,,,
1356385,,,,
1356397,,,,
1356465,,,,
1356568,,,,
1356574,,,,
1356612,,,,
1356651,,,,
1356657,,,,
1356681,,,,
1356685,,,,
1356686,,,,
1356695,,,,
1356751,,,,
1356766,,,,
1356812,,,,
1356867,,,,
1356891,,,,
1356892,,,,
1356904,,,,
1356911,,,,
1356913,,,,
1356958,,,,
1356960,,,,
1356962,,,,
1357018,,,,
1357061,,,,
1357083,,,,
1357102,,,,
1357280,,,,
1357295,,,,
1357370,,,,
1357496,,,,
1357556,,,,
1357722,,,,
1357841,,,,
1357860,,,,
1357900,,,,
1357961,,,,
1358028,,,,
1358636,,,,
1358899,,,,
1359059,,,,
1359122,,,,
1359135,,,,
1359187,,,,
1359456,,,,
1359462,,,,
1359468,,,,
1359930,,,,
1359969,,,,
1360025,,,,
1360052,,,,
1360105,,,,
1360159,,,,
1360179,,,,
1360195,,,,
1360213,,,,
1360297,,,,
1360308,,,,
1360377,,,,
1360443,,,,
1360459,,,,
1360460,,,,
1360473,,,,
1360505,,,,
1360524,,,,
1360534,,,,
1360556,,,,
1360773,,,,
1360829,,,,
1360845,,,,
1360886,,,,
1360937,,,,
1360978,,,,
1360992,,,,
1361043,,,,
1361214,,,,
1361282,,,,
1361390,,,,
1361616,,,,
1361724,,,,
1361850,,,,
1361878,,,,
1362058,,,,
1362144,,,,
1362172,,,,
1362174,,,,
1362244,,,,
1362253,,,,
1362319,,,,
1362369,,,,
1362371,,,,
1362413,,,,
1362421,,,,
1362466,,,,
1362485,,,,
1362493,,,,
1362496,,,,
1362524,,,,
1362531,,,,
1362581,,,,
1362591,,,,
1362633,,,,
1362634,,,,
1362670,,,,
1362683,,,,
1362716,,,,
1362760,,,,
1362764,,,,
1362791,,,,
1362826,,,,
1362859,,,,
1362862,,,,
1362902,,,,
1362930,,,,
1362935,,,,
1362937,,,,
1362942,,,,
1362953,,,,
1363032,,,,
1363060,,,,
1363094,,,,
1363103,,,,
1363126,,,,
1363179,,,,
1363221,,,,
1363249,,,,
1363284,,,,
1363287,,,,
1363498,,,,
1363561,,,,
1363596,,,,
1363698,,,,
1363960,,,,
1364025,,,,
1364067,,,,
1364130,,,,
1364312,,,,
1364428,,,,
1364533,,,,
1364563,,,,
1364640,,,,
1364812,,,,
1365334,,,,
1365389,,,,
1365395,,,,
1365404,,,,
1365412,,,,
1365421,,,,
1365437,,,,
1365462,,,,
1365505,,,,
1365535,,,,
1365565,,,,
1365571,,,,
1365600,,,,
1365625,,,,
1365657,,,,
1365730,,,,
1365761,,,,
1365777,,,,
1365813,,,,
1365815,,,,
1365856,,,,
1365873,,,,
1365890,,,,
1365930,,,,
1365954,,,,
1365976,,,,
1366047,,,,
1366096,,,,
1366200,,,,
1366229,,,,
1366258,,,,
1366351,,,,
1366614,,,,
1366797,,,,
1366808,,,,
1367199,,,,
1367218,,,,
1367242,,,,
1367318,,,,
1367389,,,,
1367392,,,,
1367483,,,,
1367593,,,,
1367698,,,,
1367807,,,,
1367851,,,,
1367935,,,,
1367966,,,,
1368012,,,,
1368056,,,,
1368067,,,,
1368088,,,,
1368104,,,,
1368178,,,,
1368201,,,,
1368206,,,,
1368239,,,,
1368254,,,,
1368294,,,,
1368346,,,,
1368358,,,,
1368437,,,,
1368449,,,,
1368490,,,,
1368500,,,,
1368599,,,,
1368620,,,,
1368651,,,,
1368665,,,,
1368671,,,,
1368723,,,,
1368735,,,,
1368737,,,,
1368748,,,,
1368928,,,,
1368934,,,,
1369002,,,,
1369010,,,,
1369037,,,,
1369042,,,,
1369050,,,,
1369064,,,,
1369065,,,,
1369103,,,,
1369132,,,,
1369239,,,,
1369242,,,,
1369301,,,,
1369390,,,,
1369419,,,,
1369474,,,,
1369554,,,,
1369572,,,,
1369713,,,,
1369722,,,,
1369732,,,,
1369752,,,,
1369759,,,,
1369840,,,,
1369969,,,,
1370180,,,,
1370457,,,,
1370574,,,,
1370602,,,,
1370626,,,,
1370631,,,,
1370779,,,,
1370922,,,,
1371146,,,,
1371325,,,,
1371865,,,,
1371866,,,,
1371913,,,,
1371944,,,,
1371998,,,,
1372057,,,,
1372070,,,,
1372123,,,,
1372146,,,,
1372162,,,,
1372644,,,,
1372716,,,,
1372722,,,,
1372827,,,,
1372960,,,,
1373082,,,,
1373106,,,,
1373164,,,,
1373235,,,,
1373274,,,,
1373543,,,,
1373595,,,,
1373703,,,,
1373851,,,,
1373977,,,,
1374035,,,,
1374056,,,,
1374119,,,,
1374323,,,,
1374366,,,,
1374647,,,,
1374721,,,,
1374730,,,,
1374743,,,,
1374803,,,,
1374810,,,,
1374846,,,,
1374944,,,,
1374997,,,,
1375009,,,,
1375030,,,,
1375041,,,,
1375082,,,,
1375109,,,,
1375115,,,,
1375179,,,,
1375185,,,,
1375204,,,,
1375220,,,,
1375250,,,,
1375322,,,,
1375356,,,,
1375390,,,,
1375433,,,,
1375449,,,,
1375510,,,,
1375520,,,,
1375546,,,,
1375605,,,,
1375689,,,,
1375765,,,,
1375808,,,,
1375849,,,,
1375923,,,,
1375941,,,,
1376045,,,,
1376193,,,,
1376291,,,,
1376383,,,,
1376402,,,,
1376461,,,,
1376727,,,,
1376875,,,,
1376974,,,,
1377038,,,,
1377056,,,,
1377172,,,,
1377403,,,,
1377454,,,,
1377553,,,,
1377629,,,,
1377644,,,,
1377883,,,,
1378066,,,,
1378097,,,,
1378717,,,,
1378767,,,,
1378803,,,,
1378810,,,,
1378845,,,,
1378917,,,,
1378940,,,,
1379006,,,,
1379095,,,,
1379154,,,,
1379208,,,,
1379211,,,,
1379299,,,,
1379309,,,,
1379403,,,,
1379460,,,,
1379480,,,,
1379498,,,,
1379536,,,,
1379554,,,,
1379585,,,,
1379631,,,,
1379765,,,,
1379770,,,,
1379855,,,,
1379885,,,,
1379936,,,,
1379945,,,,
1379961,,,,
1380031,,,,
1380151,,,,
1380156,,,,
1380419,,,,
1380506,,,,
1380509,,,,
1380656,,,,
1380712,,,,
1380760,,,,
1380820,,,,
1380942,,,,
1381108,,,,
1381113,,,,
1381180,,,,
1381318,,,,
1381364,,,,
1381418,,,,
1381438,,,,
1381495,,,,
1381626,,,,
1381812,,,,
1381850,,,,
1382016,,,,
1382106,,,,
1382224,,,,
1382322,,,,
1382327,,,,
1382371,,,,
1382411,,,,
1382558,,,,
1382622,,,,
1382786,,,,
1382800,,,,
1382810,,,,
1382875,,,,
1382909,,,,
1382960,,,,
1382970,,,,
1382981,,,,
1383063,,,,
1383073,,,,
1383090,,,,
1383098,,,,
1383118,,,,
1383296,,,,
1383351,,,,
1383357,,,,
1383369,,,,
1383398,,,,
1383448,,,,
1383468,,,,
1383558,,,,
1383642,,,,
1383663,,,,
1383978,,,,
1384007,,,,
1384033,,,,
1384084,,,,
1384127,,,,
1384131,,,,
1384176,,,,
1384347,,,,
1384363,,,,
1384389,,,,
1384493,,,,
1384500,,,,
1384624,,,,
1384662,,,,
1385083,,,,
1385169,,,,
1385537,,,,
1385892,,,,
1386050,,,,
1386077,,,,
1386217,,,,
1386459,,,,
1386619,,,,
1386666,,,,
1386827,,,,
1387229,,,,
1387240,,,,
1387245,,,,
1387376,,,,
1387378,,,,
1387408,,,,
1387493,,,,
1387522,,,,
1387544,,,,
1387545,,,,
1387588,,,,
1387589,,,,
1387740,,,,
1387756,,,,
1387768,,,,
1387788,,,,
1387813,,,,
1387821,,,,
1387920,,,,
1387938,,,,
1388047,,,,
1388051,,,,
1388052,,,,
1388066,,,,
1388085,,,,
1388177,,,,
1388461,,,,
1388506,,,,
1388509,,,,
1388615,,,,
1388667,,,,
1388805,,,,
1388936,,,,
1388958,,,,
1388965,,,,
1389200,,,,
1389291,,,,
1389506,,,,
1389720,,,,
1389769,,,,
1389791,,,,
1389886,,,,
1389904,,,,
1389907,,,,
1389922,,,,
1389955,,,,
1389988,,,,
1390048,,,,
1390196,,,,
1390202,,,,
1390212,,,,
1390215,,,,
1390238,,,,
1390257,,,,
1390463,,,,
1390506,,,,
1390527,,,,
1390549,,,,
1390566,,,,
1390613,,,,
1390621,,,,
1390632,,,,
1390666,,,,
1390678,,,,
1390713,,,,
1390754,,,,
1390814,,,,
1390836,,,,
1390863,,,,
1390870,,,,
1390926,,,,
1390986,,,,
1390989,,,,
1391004,,,,
1391013,,,,
1391022,,,,
1391027,,,,
1391039,,,,
1391093,,,,
1391147,,,,
1391174,,,,
1391278,,,,
1391282,,,,
1391316,,,,
1391323,,,,
1391346,,,,
1391347,,,,
1391351,,,,
1391435,,,,
1391475,,,,
1391521,,,,
1391531,,,,
1391645,,,,
1391706,,,,
1391763,,,,
1391765,,,,
1391781,,,,
1391784,,,,
1391850,,,,
1391875,,,,
1391879,,,,
1391889,,,,
1392045,,,,
1392055,,,,
1392059,,,,
1392078,,,,
1392178,,,,
1392181,,,,
1392191,,,,
1392280,,,,
1392282,,,,
1392482,,,,
1392530,,,,
1392532,,,,
1392533,,,,
1392580,,,,
1392673,,,,
1392722,,,,
1392737,,,,
1392775,,,,
1392788,,,,
1392883,,,,
1392890,,,,
1392899,,,,
1393083,,,,
1393105,,,,
1393118,,,,
1393394,,,,
1393575,,,,
1393587,,,,
1393740,,,,
1393775,,,,
1393863,,,,
1393943,,,,
1394099,,,,
1394520,,,,
1394545,,,,
1394550,,,,
1394670,,,,
1394886,,,,
1394990,,,,
1395115,,,,
1395298,,,,
1395423,,,,
1395585,,,,
1395629,,,,
1395992,,,,
1396235,,,,
1396266,,,,
1396285,,,,
1396296,,,,
1396311,,,,
1396312,,,,
1396324,,,,
1396379,,,,
1396382,,,,
1396406,,,,
1396411,,,,
1396430,,,,
1396470,,,,
1396487,,,,
1396496,,,,
1396608,,,,
1396623,,,,
1396649,,,,
1396663,,,,
1396691,,,,
1396694,,,,
1396797,,,,
1396878,,,,
1396918,,,,
1396927,,,,
1397032,,,,
1397081,,,,
1397191,,,,
1397194,,,,
1397250,,,,
1397309,,,,
1397377,,,,
1397440,,,,
1397463,,,,
1397566,,,,
1397733,,,,
1397778,,,,
1397850,,,,
1397991,,,,
1398145,,,,
1398208,,,,
1398211,,,,
1398497,,,,
1398532,,,,
1398695,,,,
1398703,,,,
1398882,,,,
1399009,,,,
1399094,,,,
1399102,,,,
1399122,,,,
1399152,,,,
1399303,,,,
1399321,,,,
1399330,,,,
1399523,,,,
1399562,,,,
1399568,,,,
1399605,,,,
1399630,,,,
1399708,,,,
1399854,,,,
1400014,,,,
1400104,,,,
1400143,,,,
1400230,,,,
1400301,,,,
1400351,,,,
1400537,,,,
1400555,,,,
1400610,,,,
1400631,,,,
1400756,,,,
1400759,,,,
1400782,,,,
1400789,,,,
1400817,,,,
1400884,,,,
1400907,,,,
1400940,,,,
1401023,,,,
1401219,,,,
1401226,,,,
1401242,,,,
1401243,,,,
1401304,,,,
1401313,,,,
1401344,,,,
1401353,,,,
1401435,,,,
1401441,,,,
1401453,,,,
1401481,,,,
1401519,,,,
1401534,,,,
1401545,,,,
1401704,,,,
1401840,,,,
1401992,,,,
1401993,,,,
1402203,,,,
1402218,,,,
1402292,,,,
1402318,,,,
1402320,,,,
1402415,,,,
1402434,,,,
1402461,,,,
1402479,,,,
1402495,,,,
1402496,,,,
1402512,,,,
1402546,,,,
1402634,,,,
1402803,,,,
1402861,,,,
1402955,,,,
1403006,,,,
1403034,,,,
1403091,,,,
1403140,,,,
1403190,,,,
1403483,,,,
1403650,,,,
1403734,,,,
1403749,,,,
1403752,,,,
1403953,,,,
1404160,,,,
1404470,,,,
1404678,,,,
1404825,,,,
1404932,,,,
1404992,,,,
1405199,,,,
1405274,,,,
1405366,,,,
1405511,,,,
1405625,,,,
1406144,,,,
1406184,,,,
1406290,,,,
1406512,,,,
1406916,,,,
1407239,,,,
1407290,,,,
1407296,,,,
1407364,,,,
1407402,,,,
1407506,,,,
1407558,,,,
1407616,,,,
1407645,,,,
1407677,,,,
1407690,,,,
1407700,,,,
1407711,,,,
1407744,,,,
1407750,,,,
1407757,,,,
1407768,,,,
1407979,,,,
1408137,,,,
1408192,,,,
1408410,,,,
1408995,,,,
1409077,,,,
1409203,,,,
1409216,,,,
1409272,,,,
1409331,,,,
1409389,,,,
1409420,,,,
1409487,,,,
1409491,,,,
1409533,,,,
1409558,,,,
1409562,,,,
1409595,,,,
1409599,,,,
1409700,,,,
1409703,,,,
1409735,,,,
1409759,,,,
1409826,,,,
1409833,,,,
1409873,,,,
1409903,,,,
1409908,,,,
1409918,,,,
1409926,,,,
1409934,,,,
1409958,,,,
1409974,,,,
1409982,,,,
1410016,,,,
1410044,,,,
1410050,,,,
1410069,,,,
1410093,,,,
1410095,,,,
1410152,,,,
1410187,,,,
1410204,,,,
1410232,,,,
1410245,,,,
1410254,,,,
1410256,,,,
1410261,,,,
1410263,,,,
1410265,,,,
1410276,,,,
1410382,,,,
1410461,,,,
1410472,,,,
1410539,,,,
1410619,,,,
1410700,,,,
1410728,,,,
1410736,,,,
1410745,,,,
1410753,,,,
1410873,,,,
1411017,,,,
1411031,,,,
1411034,,,,
1411148,,,,
1411206,,,,
1411273,,,,
1411293,,,,
1411454,,,,
1411459,,,,
1411501,,,,
1411507,,,,
1411598,,,,
1411636,,,,
1411648,,,,
1411708,,,,
1411739,,,,
1411941,,,,
1412044,,,,
1412088,,,,
1412453,,,,
1412550,,,,
1412619,,,,
1412703,,,,
1412950,,,,
1413281,,,,
1413288,,,,
1413345,,,,
1413346,,,,
1413356,,,,
1413400,,,,
1413407,,,,
1413479,,,,
1413555,,,,
1413646,,,,
1413712,,,,
1413733,,,,
1413887,,,,
1414013,,,,
1414102,,,,
1414420,,,,
1414452,,,,
1414501,,,,
1414615,,,,
1414672,,,,
1414770,,,,
1414802,,,,
1414833,,,,
1414854,,,,
1414861,,,,
1414935,,,,
1415015,,,,
1415076,,,,
1415127,,,,
1415216,,,,
1415330,,,,
1415367,,,,
1415414,,,,
1415512,,,,
1415513,,,,
1415663,,,,
1415692,,,,
1415702,,,,
1415749,,,,
1415762,,,,
1415893,,,,
1415905,,,,
1415944,,,,
1415981,,,,
1415989,,,,
1416043,,,,
1416083,,,,
1416233,,,,
1416256,,,,
1416281,,,,
1416324,,,,
1416345,,,,
1416358,,,,
1416387,,,,
1416405,,,,
1416429,,,,
1416625,,,,
1416629,,,,
1416677,,,,
1416767,,,,
1416779,,,,
1416984,,,,
1416987,,,,
1417017,,,,
1417060,,,,
1417069,,,,
1417152,,,,
1417156,,,,
1417235,,,,
1417361,,,,
1417411,,,,
1417462,,,,
1417686,,,,
1417693,,,,
1417800,,,,
1418310,,,,
1419228,,,,
1419289,,,,
1419515,,,,
1419564,,,,
1419625,,,,
1419644,,,,
1419702,,,,
1419735,,,,
1419745,,,,
1419859,,,,
1419864,,,,
1419888,,,,
1419889,,,,
1419916,,,,
1419937,,,,
1419943,,,,
1419964,,,,
1420032,,,,
1420224,,,,
1420235,,,,
1420270,,,,
1420300,,,,
1420339,,,,
1420591,,,,
1421101,,,,
1421113,,,,
1421337,,,,
1421389,,,,
1421609,,,,
1421616,,,,
1421807,,,,
1422015,,,,
1422038,,,,
1422113,,,,
1422118,,,,
1422160,,,,
1422178,,,,
1422280,,,,
1422414,,,,
1422469,,,,
1422551,,,,
1422642,,,,
1422719,,,,
1422727,,,,
1422876,,,,
1423048,,,,
1423088,,,,
1423117,,,,
1423142,,,,
1423192,,,,
1423231,,,,
1423283,,,,
1423338,,,,
1423447,,,,
1423488,,,,
1423492,,,,
1423633,,,,
1423791,,,,
1423832,,,,
1423843,,,,
1423855,,,,
1423863,,,,
1423877,,,,
1423891,,,,
1423899,,,,
1423915,,,,
1424156,,,,
1424189,,,,
1424226,,,,
1424262,,,,
1424328,,,,
1424521,,,,
1424627,,,,
1424644,,,,
1424668,,,,
1424677,,,,
1424678,,,,
1424740,,,,
1424894,,,,
1425286,,,,
1425384,,,,
1425571,,,,
1425904,,,,
1426001,,,,
1426075,,,,
1426294,,,,
1426307,,,,
1426394,,,,
1426866,,,,
1427125,,,,
1427383,,,,
1427418,,,,
1427457,,,,
1427592,,,,
1427723,,,,
1427776,,,,
1427826,,,,
1427955,,,,
1428022,,,,
1428078,,,,
1428144,,,,
1428297,,,,
1428498,,,,
1428643,,,,
1428911,,,,
1428913,,,,
1429089,,,,
1429567,,,,
1429730,,,,
1429814,,,,
1430084,,,,
1430105,,,,
1430286,,,,
1430396,,,,
1430651,,,,
1430673,,,,
1430803,,,,
1430888,,,,
1430904,,,,
1430909,,,,
1430996,,,,
1431013,,,,
1431030,,,,
1431080,,,,
1431106,,,,
1431162,,,,
1431167,,,,
1431172,,,,
1431216,,,,
1431232,,,,
1431275,,,,
1431291,,,,
1431342,,,,
1431367,,,,
1431391,,,,
1431400,,,,
1431404,,,,
1431417,,,,
1431430,,,,
1431444,,,,
1431459,,,,
1431496,,,,
1431512,,,,
1431638,,,,
1431648,,,,
1431692,,,,
1431707,,,,
1431747,,,,
1431762,,,,
1431810,,,,
1431815,,,,
1431818,,,,
1431853,,,,
1431877,,,,
1431892,,,,
1431918,,,,
1431949,,,,
1431957,,,,
1431974,,,,
1431977,,,,
1432042,,,,
1432053,,,,
1432102,,,,
1432130,,,,
1432170,,,,
1432192,,,,
1432215,,,,
1432303,,,,
1432311,,,,
1432327,,,,
1432329,,,,
1432416,,,,
1432435,,,,
1432451,,,,
1432519,,,,
1432665,,,,
1432680,,,,
1432690,,,,
1432770,,,,
1432872,,,,
1432982,,,,
1433176,,,,
1433240,,,,
1433405,,,,
1433681,,,,
1433815,,,,
1434091,,,,
1434241,,,,
1434399,,,,
1434515,,,,
1435104,,,,
1435256,,,,
1435354,,,,
1435386,,,,
1435421,,,,
1435427,,,,
1435432,,,,
1435546,,,,
1435550,,,,
1435588,,,,
1435631,,,,
1435642,,,,
1435687,,,,
1435688,,,,
1435951,,,,
1436056,,,,
1436140,,,,
1436199,,,,
1436231,,,,
1436252,,,,
1436371,,,,
1436442,,,,
1436545,,,,
1436670,,,,
1436763,,,,
1436805,,,,
1436966,,,,
1437049,,,,
1437074,,,,
1437340,,,,
1437449,,,,
1437453,,,,
1437534,,,,
1437567,,,,
1437622,,,,
1437791,,,,
1437893,,,,
1437926,,,,
1437943,,,,
1438081,,,,
1438484,,,,
1438617,,,,
1438654,,,,
1438902,,,,
1438979,,,,
1439053,,,,
1439212,,,,
1439313,,,,
1439315,,,,
1439403,,,,
1439406,,,,
1439443,,,,
1439450,,,,
1439550,,,,
1439576,,,,
1439599,,,,
1439613,,,,
1439662,,,,
1439712,,,,
1439764,,,,
1439771,,,,
1439801,,,,
1439809,,,,
1439868,,,,
1439953,,,,
1439985,,,,
1440005,,,,
1440013,,,,
1440095,,,,
1440127,,,,
1440128,,,,
1440166,,,,
1440173,,,,
1440234,,,,
1440284,,,,
1440322,,,,
1440326,,,,
1440347,,,,
1440349,,,,
1440400,,,,
1440505,,,,
1440604,,,,
1440609,,,,
1440633,,,,
1440670,,,,
1440687,,,,
1440690,,,,
1440701,,,,
1440713,,,,
1440769,,,,
1440823,,,,
1440835,,,,
1440864,,,,
1440898,,,,
1440932,,,,
1441038,,,,
1441152,,,,
1441182,,,,
1441191,,,,
1441230,,,,
1441436,,,,
1441505,,,,
1441689,,,,
1441811,,,,
1441906,,,,
1441915,,,,
1442033,,,,
1442149,,,,
1442161,,,,
1442176,,,,
1442276,,,,
1442356,,,,
1442383,,,,
1442533,,,,
1442582,,,,
1442598,,,,
1442954,,,,
1443129,,,,
1443616,,,,
1443870,,,,
1443889,,,,
1444455,,,,
1444597,,,,
1444697,,,,
1444822,,,,
1444826,,,,
1444912,,,,
1444943,,,,
1445035,,,,
1445053,,,,
1445156,,,,
1445172,,,,
1445369,,,,
1445414,,,,
1445455,,,,
1445505,,,,
1445656,,,,
1445865,,,,
1445921,,,,
1446061,,,,
1446071,,,,
1446082,,,,
1446094,,,,
1446099,,,,
1446121,,,,
1446136,,,,
1446241,,,,
1446266,,,,
1446291,,,,
1446296,,,,
1446299,,,,
1446607,,,,
1447013,,,,
1447282,,,,
1447305,,,,
1447401,,,,
1447675,,,,
1447758,,,,
1448064,,,,
1448220,,,,
1448236,,,,
1448384,,,,
1448479,,,,
1448482,,,,
1448522,,,,
1448714,,,,
1448718,,,,
1448924,,,,
1448944,,,,
1448960,,,,
1449011,,,,
1449031,,,,
1449054,,,,
1449099,,,,
1449122,,,,
1449187,,,,
1449279,,,,
1449282,,,,
1449358,,,,
1449370,,,,
1449480,,,,
1449506,,,,
1449512,,,,
1449515,,,,
1449523,,,,
1449579,,,,
1449678,,,,
1449756,,,,
1449881,,,,
1449896,,,,
1449910,,,,
1449969,,,,
1450017,,,,
1450104,,,,
1450110,,,,
1450161,,,,
1450163,,,,
1450249,,,,
1450315,,,,
1450406,,,,
1450489,,,,
1450493,,,,
1450529,,,,
1450555,,,,
1450580,,,,
1450671,,,,
1450709,,,,
1450781,,,,
1450898,,,,
1450917,,,,
1450934,,,,
1450943,,,,
1451377,,,,
1451398,,,,
1451459,,,,
1451568,,,,
1451591,,,,
1451679,,,,
1451748,,,,
1451835,,,,
1452194,,,,
1452245,,,,
1452386,,,,
1452434,,,,
1452449,,,,
1452556,,,,
1452877,,,,
1452907,,,,
1453080,,,,
1453104,,,,
1453428,,,,
1453557,,,,
1453807,,,,
1453942,,,,
1453949,,,,
1454286,,,,
1454320,,,,
1454328,,,,
1454362,,,,
1454436,,,,
1454792,,,,
1454869,,,,
1455047,,,,
1455235,,,,
1455748,,,,
1455756,,,,
1455885,,,,
1455895,,,,
1455989,,,,
1456014,,,,
1456022,,,,
1456045,,,,
1456066,,,,
1456103,,,,
1456176,,,,
1456192,,,,
1456246,,,,
1456306,,,,
1456340,,,,
1456416,,,,
1456431,,,,
1456489,,,,
1456743,,,,
1456796,,,,
1456853,,,,
1456939,,,,
1456999,,,,
1457016,,,,
1457097,,,,
1457132,,,,
1457186,,,,
1457482,,,,
1457732,,,,
1457802,,,,
1457804,,,,
1457973,,,,
1458106,,,,
1458148,,,,
1458212,,,,
1458306,,,,
1458329,,,,
1458371,,,,
1458467,,,,
1458505,,,,
1458607,,,,
1458623,,,,
1458715,,,,
1458780,,,,
1458843,,,,
1458876,,,,
1459046,,,,
1459072,,,,
1459250,,,,
1459327,,,,
1459497,,,,
1459630,,,,
1459680,,,,
1459871,,,,
1459904,,,,
1460034,,,,
1460131,,,,
1460291,,,,
1460295,,,,
1460296,,,,
1460397,,,,
1460517,,,,
1460575,,,,
1460585,,,,
1460658,,,,
1460699,,,,
1460716,,,,
1460762,,,,
1460764,,,,
1460770,,,,
1460854,,,,
1460904,,,,
1461117,,,,
1461123,,,,
1461125,,,,
1461148,,,,
1461185,,,,
1461203,,,,
1461207,,,,
1461218,,,,
1461222,,,,
1461311,,,,
1461339,,,,
1461428,,,,
1461442,,,,
1461548,,,,
1461576,,,,
1461609,,,,
1461612,,,,
1461620,,,,
1461766,,,,
1461797,,,,
1461826,,,,
1461863,,,,
1461890,,,,
1462060,,,,
1462146,,,,
1462169,,,,
1462170,,,,
1462203,,,,
1462275,,,,
1462318,,,,
1462338,,,,
1462346,,,,
1462400,,,,
1462419,,,,
1462538,,,,
1462542,,,,
1462563,,,,
1462644,,,,
1462654,,,,
1462698,,,,
1462752,,,,
1462805,,,,
1462897,,,,
1462944,,,,
1462949,,,,
1462959,,,,
1462961,,,,
1463217,,,,
1463222,,,,
1463232,,,,
1463388,,,,
1463406,,,,
1463653,,,,
1463734,,,,
1463769,,,,
1463780,,,,
1463946,,,,
1463947,,,,
1463976,,,,
1464027,,,,
1464062,,,,
1464098,,,,
1464108,,,,
1464116,,,,
1464168,,,,
1464303,,,,
1464351,,,,
1464530,,,,
1464664,,,,
1464747,,,,
1464950,,,,
1464966,,,,
1465152,,,,
1465185,,,,
1465574,,,,
1465922,,,,
1466031,,,,
1466377,,,,
1466413,,,,
1466679,,,,
1467152,,,,
1467153,,,,
1467157,,,,
1467240,,,,
1467256,,,,
1467286,,,,
1467292,,,,
1467306,,,,
1467309,,,,
1467321,,,,
1467341,,,,
1467369,,,,
1467372,,,,
1467395,,,,
1467402,,,,
1467440,,,,
1467697,,,,
1467731,,,,
1467797,,,,
1467806,,,,
1467811,,,,
1467819,,,,
1467824,,,,
1467870,,,,
1467875,,,,
1467927,,,,
1467996,,,,
1468015,,,,
1468041,,,,
1468122,,,,
1468130,,,,
1468138,,,,
1468364,,,,
1468385,,,,
1468487,,,,
1468491,,,,
1468695,,,,
1468817,,,,
1468864,,,,
1468965,,,,
1469062,,,,
1469065,,,,
1469116,,,,
1469127,,,,
1469156,,,,
1469188,,,,
1469200,,,,
1469319,,,,
1469328,,,,
1469400,,,,
1469458,,,,
1469471,,,,
1469504,,,,
1469623,,,,
1469628,,,,
1469679,,,,
1469701,,,,
1469707,,,,
1469718,,,,
1469739,,,,
1469842,,,,
1469909,,,,
1469937,,,,
1469938,,,,
1469962,,,,
1469966,,,,
1470052,,,,
1470058,,,,
1470062,,,,
1470082,,,,
1470105,,,,
1470164,,,,
1470192,,,,
1470211,,,,
1470220,,,,
1470272,,,,
1470282,,,,
1470287,,,,
1470388,,,,
1470398,,,,
1470404,,,,
1470429,,,,
1470518,,,,
1470593,,,,
1470626,,,,
1470636,,,,
1470642,,,,
1470667,,,,
1470694,,,,
1470704,,,,
1470723,,,,
1470747,,,,
1470810,,,,
1470836,,,,
1470889,,,,
1470892,,,,
1470994,,,,
1471012,,,,
1471197,,,,
1471906,,,,
1472619,,,,
1472631,,,,
1472682,,,,
1472720,,,,
1472737,,,,
1472739,,,,
1472868,,,,
1472911,,,,
1472919,,,,
1472923,,,,
1472989,,,,
1473019,,,,
1473035,,,,
1473036,,,,
1473098,,,,
1473113,,,,
1473137,,,,
1473139,,,,
1473168,,,,
1473172,,,,
1473179,,,,
1473216,,,,
1473242,,,,
1473321,,,,
1473331,,,,
1473347,,,,
1473351,,,,
1473377,,,,
1473396,,,,
1473443,,,,
1473448,,,,
1473459,,,,
1473562,,,,
1473629,,,,
1473638,,,,
1473653,,,,
1473655,,,,
1473730,,,,
1473731,,,,
1474057,,,,
1474097,,,,
1474144,,,,
1474194,,,,
1474214,,,,
1474244,,,,
1474253,,,,
1474420,,,,
1474437,,,,
1474499,,,,
1474514,,,,
1474540,,,,
1474543,,,,
1474580,,,,
1474629,,,,
1474689,,,,
1474783,,,,
1474799,,,,
1474801,,,,
1474815,,,,
1474821,,,,
1474839,,,,
1474846,,,,
1474958,,,,
1475047,,,,
1475068,,,,
1475074,,,,
1475075,,,,
1475120,,,,
1475127,,,,
1475172,,,,
1475256,,,,
1475260,,,,
1475284,,,,
1475289,,,,
1475296,,,,
1475370,,,,
1475418,,,,
1475424,,,,
1475429,,,,
1475459,,,,
1475506,,,,
1475509,,,,
1475574,,,,
1475602,,,,
1475605,,,,
1475629,,,,
1475631,,,,
1475653,,,,
1475679,,,,
1475810,,,,
1475817,,,,
1475825,,,,
1475850,,,,
1475879,,,,
1475887,,,,
1475901,,,,
1475902,,,,
1475905,,,,
1475972,,,,
1476005,,,,
1476006,,,,
1476031,,,,
1476087,,,,
1476095,,,,
1476118,,,,
1476176,,,,
1476301,,,,
1476374,,,,
1476383,,,,
1476442,,,,
1476555,,,,
1476912,,,,
1476964,,,,
1476970,,,,
1477022,,,,
1477255,,,,
1477564,,,,
1477961,,,,
1478305,,,,
1478425,,,,
1478603,,,,
1478615,,,,
1478620,,,,
1478696,,,,
1478718,,,,
1478733,,,,
1478795,,,,
1478802,,,,
1478816,,,,
1478946,,,,
1478957,,,,
1478977,,,,
1479037,,,,
1479044,,,,
1479047,,,,
1479077,,,,
1479092,,,,
1479127,,,,
1479130,,,,
1479187,,,,
1479220,,,,
1479307,,,,
1479326,,,,
1479346,,,,
1479373,,,,
1479411,,,,
1479419,,,,
1479469,,,,
1479567,,,,
1479600,,,,
1479736,,,,
1479756,,,,
1479832,,,,
1479855,,,,
1479861,,,,
1479887,,,,
1479889,,,,
1479926,,,,
1479993,,,,
1480025,,,,
1480083,,,,
1480179,,,,
1480396,,,,
1480462,,,,
1480549,,,,
1480599,,,,
1480674,,,,
1480708,,,,
1480763,,,,
1480764,,,,
1480873,,,,
1480953,,,,
1480958,,,,
1480963,,,,
1480964,,,,
1480991,,,,
1481029,,,,
1481085,,,,
1481109,,,,
1481125,,,,
1481155,,,,
1481173,,,,
1481238,,,,
1481269,,,,
1481272,,,,
1481341,,,,
1481517,,,,
1481585,,,,
1481615,,,,
1481659,,,,
1481680,,,,
1481703,,,,
1481715,,,,
1481718,,,,
1481860,,,,
1481866,,,,
1481882,,,,
1481946,,,,
1482012,,,,
1482039,,,,
1482126,,,,
1482152,,,,
1482406,,,,
1482485,,,,
1482593,,,,
1482751,,,,
1482784,,,,
1483068,,,,
1483138,,,,
1483319,,,,
1483339,,,,
1483351,,,,
1483371,,,,
1483460,,,,
1483583,,,,
1483847,,,,
1483976,,,,
1484315,,,,
1484418,,,,
1484595,,,,
1484676,,,,
1484974,,,,
1485148,,,,
1485169,,,,
1485199,,,,
1485272,,,,
1485301,,,,
1485305,,,,
1485365,,,,
1485387,,,,
1485407,,,,
1485467,,,,
1485552,,,,
1485739,,,,
1485840,,,,
1485852,,,,
1485928,,,,
1485990,,,,
1486080,,,,
1486133,,,,
1486159,,,,
1486163,,,,
1486174,,,,
1486176,,,,
1486278,,,,
1486291,,,,
1486298,,,,
1486342,,,,
1486450,,,,
1486536,,,,
1486573,,,,
1486627,,,,
1486742,,,,
1486840,,,,
1486845,,,,
1487057,,,,
1487139,,,,
1487166,,,,
1487179,,,,
1487269,,,,
1487391,,,,
1487410,,,,
1487450,,,,
1487547,,,,
1487653,,,,
1487674,,,,
1487890,,,,
1488066,,,,
1488114,,,,
1488221,,,,
1488242,,,,
1488246,,,,
1488259,,,,
1488346,,,,
1488422,,,,
1488424,,,,
1488426,,,,
1488450,,,,
1488520,,,,
1488523,,,,
1488577,,,,
1488609,,,,
1488672,,,,
1488720,,,,
1488767,,,,
1488777,,,,
1488791,,,,
1488796,,,,
1488897,,,,
1488922,,,,
1488993,,,,
1489019,,,,
1489094,,,,
1489120,,,,
1489183,,,,
1489222,,,,
1489231,,,,
1489274,,,,
1489311,,,,
1489358,,,,
1489435,,,,
1489444,,,,
1489507,,,,
1489527,,,,
1489630,,,,
1489657,,,,
1489661,,,,
1489703,,,,
1489715,,,,
1489727,,,,
1489740,,,,
1490002,,,,
1490047,,,,
1490084,,,,
1490183,,,,
1490295,,,,
1490466,,,,
1490735,,,,
1490779,,,,
1490802,,,,
1490829,,,,
1491029,,,,
1491090,,,,
1491110,,,,
1491144,,,,
1491147,,,,
1491341,,,,
1285461,1,0,0,1
1428160,2,0,0,1
1428293,2,0,0,1
1459968,2,0,1,1
1462190,2,0,2,2
1489529,2,0,2,2
1323077,3,0,1,2
1407669,3,0,2,2
1462911,3,0,1,2
1332194,0,1,2,1
1475097,0,1,1,1
1486800,0,1,0,0
1354862,1,1,1,1
1356683,1,1,0,1
1380591,1,1,0,1
1392227,1,1,0,1
1400181,1,1,1,1
1441634,1,1,2,1
1447234,1,1,1,1
1461781,1,1,1,1
1488988,1,1,1,1
1284971,1,1,2,1
1328983,1,1,2,1
1337439,1,1,3,2
1340289,1,1,2,1
1369881,1,1,2,1
1370431,1,1,3,2
1375728,1,1,1,1
1385244,1,1,1,1
1390427,1,1,2,1
1396772,1,1,2,1
1424072,1,1,1,1
1439134,1,1,1,1
1456451,1,1,3,2
1469967,1,1,3,2
1478426,1,1,3,2
1480348,1,1,2,1
1485799,1,1,3,2
1489397,1,1,1,1
1281995,1,1,1,1
1302105,1,1,2,1
1311341,1,1,1,1
1322798,1,1,3,2
1333597,1,1,3,2
1340422,1,1,4,2
1349826,1,1,4,2
1367442,1,1,2,1
1403462,1,1,2,1
1404331,1,1,3,2
1420028,1,1,2,1
1461095,1,1,2,1
1470134,1,1,1,1
1274920,2,1,1,2
1333731,2,1,0,1
1348624,2,1,1,2
1381673,2,1,1,2
1392906,2,1,2,2
1403011,2,1,1,2
1408482,2,1,1,2
1460027,2,1,2,2
1467929,2,1,2,2
1295273,2,1,1,2
1325796,2,1,1,2
1341487,2,1,2,2
1351573,2,1,1,2
1365671,2,1,3,2
1366592,2,1,3,2
1374563,2,1,1,2
1382546,2,1,1,2
1382827,2,1,2,2
1420713,2,1,2,2
1422059,2,1,3,2
1443311,2,1,2,2
1444996,2,1,2,2
1461591,2,1,1,2
1473741,2,1,2,2
1474728,2,1,3,2
1281657,2,1,2,2
1293293,2,1,2,2
1314514,2,1,1,2
1325000,2,1,4,2
1325353,2,1,1,2
1340268,2,1,3,2
1350421,2,1,3,2
1366537,2,1,2,2
1368689,2,1,3,2
1391260,2,1,3,2
1401471,2,1,4,2
1422917,2,1,2,2
1432227,2,1,3,2
1434458,2,1,3,2
1439077,2,1,2,2
1440431,2,1,2,2
1447917,2,1,4,2
1461891,2,1,2,2
1462243,2,1,3,2
1481228,2,1,2,2
1309465,3,1,1,2
1402622,3,1,2,2
1435115,3,1,0,2
1461630,3,1,2,2
1277950,3,1,2,2
1304405,3,1,3,3
1309948,3,1,1,2
1332306,3,1,3,3
1339653,3,1,1,2
1340249,3,1,2,2
1369404,3,1,2,2
1373207,3,1,3,3
1379084,3,1,1,2
1383550,3,1,2,2
1390383,3,1,2,2
1403324,3,1,2,2
1439481,3,1,2,2
1440973,3,1,1,2
1456171,3,1,1,2
1272494,3,1,3,3
1299435,3,1,3,3
1299437,3,1,4,3
1300825,3,1,2,2
1325424,3,1,3,3
1329842,3,1,3,3
1333192,3,1,2,2
1351661,3,1,3,3
1356228,3,1,2,2
1372094,3,1,1,2
1389156,3,1,2,2
1396439,3,1,3,3
1410533,3,1,2,2
1424078,3,1,3,3
1434086,3,1,3,3
1440561,3,1,3,3
1442928,3,1,3,3
1463246,3,1,4,3
1469861,3,1,2,2
1479923,3,1,3,3
1481043,3,1,2,2
1279888,4,1,3,3
1306214,4,1,2,3
1306802,4,1,3,3
1363325,4,1,2,3
1489622,4,1,3,3
1318983,0,2,1,1
1346555,0,2,2,1
1391911,1,2,2,2
1398047,1,2,1,1
1490771,1,2,2,2
1286228,1,2,2,2
1293358,1,2,3,2
1313214,1,2,2,2
1319503,1,2,1,1
1329677,1,2,2,2
1332150,1,2,2,2
1345129,1,2,1,1
1356617,1,2,3,2
1368711,1,2,1,1
1369115,1,2,2,2
1376197,1,2,2,2
1381782,1,2,1,1
1389244,1,2,3,2
1399401,1,2,3,2
1415370,1,2,3,2
1428250,1,2,3,2
1431040,1,2,2,2
1439336,1,2,1,1
1440153,1,2,1,1
1449787,1,2,2,2
1470115,1,2,3,2
1470207,1,2,3,2
1278913,1,2,1,1
1287237,1,2,1,1
1333419,1,2,2,2
1340374,1,2,4,2
1342168,1,2,1,1
1361316,1,2,3,2
1363059,1,2,2,2
1378896,1,2,1,1
1400408,1,2,2,2
1401414,1,2,3,2
1413761,1,2,2,2
1435686,1,2,4,2
1457488,1,2,3,2
1460012,1,2,1,1
1460334,1,2,2,2
1486072,1,2,3,2
1292647,2,2,0,2
1423175,2,2,2,2
1440159,2,2,2,2
1281323,2,2,1,2
1305709,2,2,2,2
1341945,2,2,3,2
1353627,2,2,2,2
1362631,2,2,3,2
1368568,2,2,2,2
1379360,2,2,1,2
1392279,2,2,2,2
1399865,2,2,2,2
1399975,2,2,3,2
1414894,2,2,1,2
1457389,2,2,3,2
1460242,2,2,1,2
1275046,2,2,4,3
1292583,2,2,4,3
1295567,2,2,1,2
1297062,2,2,3,2
1299047,2,2,2,2
1302973,2,2,2,2
1307211,2,2,3,2
1307588,2,2,2,2
1315178,2,2,2,2
1324235,2,2,1,2
1339288,2,2,3,2
1339690,2,2,1,2
1340138,2,2,2,2
1341566,2,2,2,2
1345659,2,2,2,2
1349111,2,2,2,2
1356257,2,2,4,3
1357176,2,2,4,3
1364656,2,2,1,2
1374830,2,2,1,2
1383634,2,2,4,3
1393232,2,2,2,2
1400201,2,2,1,2
1400885,2,2,2,2
1403032,2,2,2,2
1414562,2,2,4,3
1415103,2,2,2,2
1415152,2,2,3,2
1416164,2,2,3,2
1423368,2,2,2,2
1424730,2,2,1,2
1438959,2,2,1,2
1442839,2,2,1,2
1448798,2,2,3,2
1452062,2,2,4,3
1456770,2,2,4,3
1457468,2,2,1,2
1460496,2,2,2,2
1461583,2,2,3,2
1462143,2,2,1,2
1467707,2,2,4,3
1470245,2,2,2,2
1474535,2,2,4,3
1488935,2,2,1,2
1490287,2,2,2,2
1390307,3,2,1,2
1274321,3,2,1,2
1296576,3,2,3,3
1299238,3,2,1,2
1299332,3,2,2,3
1341387,3,2,2,3
1341401,3,2,1,2
1348768,3,2,2,3
1348802,3,2,1,2
1390682,3,2,3,3
1410399,3,2,1,2
1419311,3,2,2,3
1445300,3,2,1,2
1456251,3,2,1,2
1461700,3,2,1,2
1490119,3,2,1,2
1272603,3,2,1,2
1274797,3,2,3,3
1289325,3,2,4,3
1324387,3,2,2,3
1325051,3,2,4,3
1332839,3,2,3,3
1332846,3,2,2,3
1338996,3,2,4,3
1340292,3,2,3,3
1340380,3,2,3,3
1341324,3,2,3,3
1356225,3,2,1,2
1357218,3,2,2,3
1362880,3,2,4,3
1375464,3,2,1,2
1388414,3,2,3,3
1390151,3,2,2,3
1403343,3,2,2,3
1409788,3,2,3,3
1415600,3,2,2,3
1416489,3,2,1,2
1434800,3,2,1,2
1436488,3,2,3,3
1436934,3,2,2,3
1439903,3,2,2,3
1440070,3,2,3,3
1449079,3,2,2,3
1463154,3,2,1,2
1475185,3,2,2,3
1475373,3,2,4,3
1475804,3,2,2,3
1485350,3,2,3,3
1486282,3,2,3,3
1278205,4,2,2,3
1280975,4,2,3,3
1302020,4,2,2,3
1314337,4,2,3,3
1328837,4,2,1,3
1329308,4,2,1,3
1331365,4,2,2,3
1332505,4,2,1,3
1341422,4,2,3,3
1344641,4,2,4,4
1346213,4,2,2,3
1354363,4,2,1,3
1356939,4,2,4,4
1362564,4,2,2,3
1404964,4,2,4,4
1419738,4,2,1,3
1445727,4,2,1,3
1456294,4,2,1,3
1459912,4,2,1,3
1461732,4,2,4,4
1467581,4,2,2,3
1288670,1,3,1,2
1348963,1,3,3,2
1365858,1,3,3,2
1367476,1,3,1,2
1369468,1,3,3,2
1372724,1,3,3,2
1375361,1,3,1,2
1382664,1,3,2,2
1402242,1,3,3,2
1444461,1,3,1,2
1457547,1,3,2,2
1481365,1,3,1,2
1482329,1,3,2,2
1303377,1,3,3,2
1303845,1,3,4,2
1313443,1,3,1,2
1314879,1,3,2,2
1322485,1,3,2,2
1340547,1,3,3,2
1349694,1,3,2,2
1351649,1,3,3,2
1355997,1,3,4,2
1388669,1,3,1,2
1410782,1,3,2,2
1429166,1,3,2,2
1446825,1,3,1,2
1482492,1,3,2,2
1487412,1,3,2,2
1273159,2,3,2,2
1303136,2,3,2,2
1354831,2,3,3,3
1357719,2,3,3,3
1388696,2,3,1,2
1400240,2,3,3,3
1461459,2,3,2,2
1481376,2,3,3,3
1274514,2,3,3,3
1281672,2,3,4,3
1282170,2,3,2,2
1283092,2,3,1,2
1285508,2,3,3,3
1287281,2,3,1,2
1288732,2,3,1,2
1295508,2,3,2,2
1303998,2,3,1,2
1310220,2,3,3,3
1313011,2,3,4,3
1317582,2,3,4,3
1319433,2,3,4,3
1320003,2,3,4,3
1323209,2,3,2,2
1331862,2,3,4,3
1333227,2,3,3,3
1333449,2,3,2,2
1339049,2,3,2,2
1339894,2,3,3,3
1342231,2,3,3,3
1349059,2,3,3,3
1354226,2,3,4,3
1357033,2,3,3,3
1365554,2,3,1,2
1365667,2,3,3,3
1368272,2,3,4,3
1373813,2,3,4,3
1381837,2,3,1,2
1382785,2,3,2,2
1388252,2,3,2,2
1388712,2,3,2,2
1392127,2,3,3,3
1392326,2,3,3,3
1400292,2,3,3,3
1414980,2,3,2,2
1416249,2,3,2,2
1431475,2,3,2,2
1439763,2,3,3,3
1449435,2,3,1,2
1450313,2,3,3,3
1451294,2,3,4,3
1460008,2,3,2,2
1462824,2,3,3,3
1463205,2,3,3,3
1477145,2,3,2,2
1480215,2,3,4,3
1485459,2,3,2,2
1486025,2,3,4,3
1490188,2,3,4,3
1293765,3,3,3,3
1298299,3,3,2,3
1301190,3,3,3,3
1314550,3,3,1,3
1325191,3,3,2,3
1342659,3,3,3,3
1344645,3,3,3,3
1381918,3,3,3,3
1403203,3,3,3,3
1404952,3,3,3,3
1422545,3,3,2,3
1424327,3,3,1,3
1446720,3,3,3,3
1450877,3,3,3,3
1275454,3,3,2,3
1278293,3,3,3,3
1281191,3,3,3,3
1285442,3,3,1,3
1295456,3,3,4,3
1315339,3,3,2,3
1324941,3,3,1,3
1325983,3,3,3,3
1333803,3,3,2,3
1341522,3,3,2,3
1342544,3,3,4,3
1342918,3,3,1,3
1342956,3,3,4,3
1348292,3,3,2,3
1349876,3,3,4,3
1353266,3,3,1,3
1356923,3,3,1,3
1360220,3,3,1,3
1375770,3,3,2,3
1376013,3,3,3,3
1387300,3,3,1,3
1389828,3,3,3,3
1390857,3,3,2,3
1396522,3,3,1,3
1400174,3,3,3,3
1415437,3,3,2,3
1416670,3,3,3,3
1423952,3,3,3,3
1431687,3,3,2,3
1436088,3,3,2,3
1438560,3,3,3,3
1439350,3,3,2,3
1446427,3,3,2,3
1449176,3,3,1,3
1451078,3,3,2,3
1459377,3,3,2,3
1460572,3,3,1,3
1468739,3,3,3,3
1488524,3,3,2,3
1488916,3,3,2,3
1272737,3,3,3,3
1274986,3,3,5,4
1275188,3,3,5,4
1278253,3,3,3,3
1278546,3,3,5,4
1282272,3,3,3,3
1287606,3,3,4,3
1288056,3,3,5,4
1294639,3,3,5,4
1295490,3,3,4,3
1298523,3,3,4,3
1302769,3,3,3,3
1312860,3,3,3,3
1312981,3,3,3,3
1313755,3,3,3,3
1317698,3,3,3,3
1319539,3,3,3,3
1320215,3,3,3,3
1322803,3,3,3,3
1325177,3,3,3,3
1325557,3,3,4,3
1325815,3,3,3,3
1339670,3,3,4,3
1341322,3,3,3,3
1344887,3,3,4,3
1357269,3,3,3,3
1360573,3,3,5,4
1362093,3,3,3,3
1365940,3,3,4,3
1367519,3,3,5,4
1372435,3,3,5,4
1382945,3,3,3,3
1393858,3,3,5,4
1401687,3,3,4,3
1410557,3,3,4,3
1413882,3,3,3,3
1417518,3,3,4,3
1418505,3,3,4,3
1420802,3,3,4,3
1421708,3,3,4,3
1422231,3,3,5,4
1427920,3,3,3,3
1440923,3,3,4,3
1440944,3,3,3,3
1441352,3,3,4,3
1443168,3,3,4,3
1450696,3,3,4,3
1450712,3,3,4,3
1455921,3,3,4,3
1461066,3,3,4,3
1467280,3,3,3,3
1474660,3,3,4,3
1475031,3,3,5,4
1478945,3,3,5,4
1482915,3,3,3,3
1485163,3,3,4,3
1485818,3,3,5,4
1486425,3,3,4,3
1489104,3,3,4,3
1272896,4,3,3,4
1287838,4,3,4,4
1292429,4,3,4,4
1303031,4,3,2,3
1309391,4,3,1,3
1317949,4,3,3,4
1334661,4,3,3,4
1338339,4,3,4,4
1340134,4,3,2,3
1340226,4,3,3,4
1348027,4,3,2,3
1348335,4,3,4,4
1348663,4,3,2,3
1353783,4,3,2,3
1363244,4,3,4,4
1391002,4,3,3,4
1395550,4,3,2,3
1398035,4,3,1,3
1398540,4,3,3,4
1407963,4,3,3,4
1409670,4,3,4,4
1415630,4,3,4,4
1419851,4,3,2,3
1434011,4,3,3,4
1447378,4,3,3,4
1447790,4,3,1,3
1476516,4,3,4,4
1488887,4,3,4,4
1490384,4,3,3,4
1275130,4,3,4,4
1275484,4,3,3,4
1276478,4,3,4,4
1276856,4,3,3,4
1278047,4,3,4,4
1281313,4,3,5,4
1292277,4,3,3,4
1292832,4,3,4,4
1293614,4,3,4,4
1294614,4,3,4,4
1294671,4,3,4,4
1296092,4,3,4,4
1297523,4,3,5,4
1299385,4,3,5,4
1299536,4,3,4,4
1301362,4,3,5,4
1302574,4,3,4,4
1304605,4,3,4,4
1315204,4,3,4,4
1316906,4,3,4,4
1317106,4,3,4,4
1317864,4,3,3,4
1318688,4,3,5,4
1320340,4,3,4,4
1325463,4,3,4,4
1326718,4,3,5,4
1333442,4,3,4,4
1333468,4,3,5,4
1339292,4,3,4,4
1340502,4,3,5,4
1344583,4,3,4,4
1346297,4,3,4,4
1348757,4,3,3,4
1348891,4,3,4,4
1349326,4,3,3,4
1356424,4,3,5,4
1356884,4,3,4,4
1357047,4,3,4,4
1357536,4,3,5,4
1358211,4,3,5,4
1362210,4,3,5,4
1362568,4,3,4,4
1365333,4,3,4,4
1365397,4,3,4,4
1372821,4,3,4,4
1374227,4,3,3,4
1374943,4,3,4,4
1376440,4,3,4,4
1379434,4,3,5,4
1379918,4,3,4,4
1381052,4,3,4,4
1383575,4,3,3,4
1386647,4,3,4,4
1392348,4,3,5,4
1395372,4,3,3,4
1396305,4,3,5,4
1401637,4,3,4,4
1405539,4,3,4,4
1407944,4,3,5,4
1408050,4,3,5,4
1409837,4,3,4,4
1410322,4,3,4,4
1412262,4,3,5,4
1413590,4,3,3,4
1415569,4,3,4,4
1415700,4,3,5,4
1415958,4,3,3,4
1416028,4,3,5,4
1416159,4,3,5,4
1416511,4,3,4,4
1416714,4,3,4,4
1417068,4,3,4,4
1417129,4,3,4,4
1419509,4,3,3,4
1421388,4,3,3,4
1424004,4,3,4,4
1427780,4,3,4,4
1428589,4,3,3,4
1430541,4,3,4,4
1432038,4,3,3,4
1432805,4,3,3,4
1436044,4,3,3,4
1436294,4,3,3,4
1436838,4,3,3,4
1438604,4,3,5,4
1439840,4,3,4,4
1440466,4,3,5,4
1446062,4,3,4,4
1446645,4,3,5,4
1448598,4,3,3,4
1450418,4,3,3,4
1458041,4,3,4,4
1458994,4,3,3,4
1459881,4,3,4,4
1460604,4,3,3,4
1465231,4,3,5,4
1466557,4,3,5,4
1469433,4,3,4,4
1471208,4,3,5,4
1472957,4,3,4,4
1473184,4,3,3,4
1473226,4,3,3,4
1473959,4,3,3,4
1475026,4,3,4,4
1475247,4,3,3,4
1475521,4,3,3,4
1476186,4,3,4,4
1476631,4,3,4,4
1477241,4,3,3,4
1478464,4,3,4,4
1479798,4,3,4,4
1481619,4,3,5,4
1482372,4,3,5,4
1484400,4,3,3,4
1485688,4,3,5,4
1486160,4,3,4,4
1282058,5,3,4,4
1293831,5,3,4,4
1295488,5,3,5,5
1297163,5,3,4,4
1299575,5,3,3,4
1300075,5,3,3,4
1300661,5,3,3,4
1302807,5,3,3,4
1309761,5,3,5,5
1314413,5,3,4,4
1317856,5,3,3,4
1319303,5,3,4,4
1319656,5,3,4,4
1329587,5,3,3,4
1333418,5,3,4,4
1334485,5,3,4,4
1339503,5,3,4,4
1340065,5,3,3,4
1340260,5,3,4,4
1345347,5,3,4,4
1349437,5,3,4,4
1350938,5,3,3,4
1355448,5,3,3,4
1357695,5,3,4,4
1360071,5,3,4,4
1360638,5,3,5,5
1360736,5,3,5,5
1364470,5,3,4,4
1368553,5,3,4,4
1369232,5,3,5,5
1382151,5,3,4,4
1382922,5,3,4,4
1392799,5,3,5,5
1400831,5,3,3,4
1401725,5,3,5,5
1402468,5,3,4,4
1402946,5,3,3,4
1410079,5,3,4,4
1411442,5,3,4,4
1413866,5,3,4,4
1415343,5,3,3,4
1419674,5,3,5,5
1423237,5,3,4,4
1424469,5,3,5,5
1432626,5,3,4,4
1439111,5,3,4,4
1440472,5,3,4,4
1448358,5,3,3,4
1450678,5,3,5,5
1452247,5,3,5,5
1457697,5,3,3,4
1462175,5,3,4,4
1463633,5,3,3,4
1472258,5,3,4,4
1478934,5,3,5,5
1485327,5,3,4,4
1486148,5,3,4,4
1488153,5,3,4,4
1488974,5,3,4,4
1489327,5,3,3,4
1284647,1,4,2,2
1289729,1,4,3,2
1293786,1,4,4,3
1303890,1,4,4,3
1309062,1,4,4,3
1362091,1,4,1,2
1362218,1,4,2,2
1408161,1,4,4,3
1451310,1,4,2,2
1467788,1,4,2,2
1286826,2,4,1,2
1293424,2,4,4,3
1295143,2,4,2,3
1295173,2,4,2,3
1299043,2,4,2,3
1304150,2,4,2,3
1309690,2,4,4,3
1328575,2,4,3,3
1368330,2,4,3,3
1368981,2,4,1,2
1369431,2,4,3,3
1379842,2,4,2,3
1397781,2,4,2,3
1400494,2,4,1,2
1422902,2,4,3,3
1435378,2,4,3,3
1445144,2,4,2,3
1448081,2,4,3,3
1472977,2,4,4,3
1487623,2,4,1,2
1489235,2,4,3,3
1275841,3,4,3,3
1288902,3,4,2,3
1303501,3,4,2,3
1306653,3,4,2,3
1309453,3,4,2,3
1323888,3,4,2,3
1331601,3,4,2,3
1333250,3,4,1,3
1350002,3,4,3,3
1356158,3,4,3,3
1357449,3,4,1,3
1380098,3,4,4,4
1390515,3,4,3,3
1408911,3,4,2,3
1415907,3,4,3,3
1428360,3,4,4,4
1440900,3,4,4,4
1459476,3,4,3,3
1460956,3,4,1,3
1462898,3,4,2,3
1474704,3,4,2,3
1476453,3,4,2,3
1480465,3,4,3,3
1488977,3,4,1,3
1275089,3,4,4,4
1276219,3,4,4,4
1278236,3,4,3,3
1278838,3,4,3,3
1279894,3,4,3,3
1281266,3,4,4,4
1281808,3,4,4,4
1282258,3,4,4,4
1284940,3,4,5,4
1288249,3,4,4,4
1289220,3,4,3,3
1295584,3,4,4,4
1296082,3,4,4,4
1301545,3,4,5,4
1302869,3,4,3,3
1304209,3,4,3,3
1307645,3,4,4,4
1308108,3,4,3,3
1309085,3,4,4,4
1310598,3,4,4,4
1313734,3,4,4,4
1315182,3,4,4,4
1317303,3,4,4,4
1320904,3,4,4,4
1321372,3,4,4,4
1322831,3,4,4,4
1324368,3,4,4,4
1325102,3,4,4,4
1336412,3,4,4,4
1340710,3,4,4,4
1342029,3,4,5,4
1345706,3,4,4,4
1347238,3,4,5,4
1348946,3,4,3,3
1352640,3,4,4,4
1354429,3,4,4,4
1354496,3,4,4,4
1354863,3,4,4,4
1355634,3,4,4,4
1355727,3,4,3,3
1356155,3,4,3,3
1360350,3,4,4,4
1361306,3,4,5,4
1363012,3,4,5,4
1363220,3,4,4,4
1363308,3,4,3,3
1369236,3,4,4,4
1370216,3,4,3,3
1374289,3,4,5,4
1374320,3,4,4,4
1375163,3,4,4,4
1379081,3,4,5,4
1379189,3,4,5,4
1379897,3,4,4,4
1384053,3,4,5,4
1389467,3,4,5,4
1389568,3,4,4,4
1391117,3,4,4,4
1391389,3,4,5,4
1394012,3,4,4,4
1397801,3,4,4,4
1398214,3,4,4,4
1399015,3,4,5,4
1401437,3,4,5,4
1401567,3,4,5,4
1407199,3,4,5,4
1409783,3,4,3,3
1410229,3,4,5,4
1410230,3,4,4,4
1410264,3,4,4,4
1412538,3,4,4,4
1413966,3,4,4,4
1415696,3,4,3,3
1421362,3,4,4,4
1421494,3,4,5,4
1422186,3,4,4,4
1422411,3,4,3,3
1424151,3,4,4,4
1428278,3,4,3,3
1430738,3,4,5,4
1431655,3,4,4,4
1432380,3,4,4,4
1433247,3,4,4,4
1433771,3,4,5,4
1440456,3,4,5,4
1440460,3,4,4,4
1442583,3,4,3,3
1449129,3,4,4,4
1449482,3,4,4,4
1450232,3,4,4,4
1455814,3,4,5,4
1456408,3,4,3,3
1461673,3,4,4,4
1461854,3,4,4,4
1462059,3,4,4,4
1462848,3,4,3,3
1463853,3,4,4,4
1464600,3,4,4,4
1464788,3,4,4,4
1467466,3,4,4,4
1469487,3,4,5,4
1472399,3,4,4,4
1472949,3,4,3,3
1473017,3,4,4,4
1473090,3,4,5,4
1473869,3,4,3,3
1475259,3,4,4,4
1476282,3,4,4,4
1478310,3,4,4,4
1479683,3,4,4,4
1480155,3,4,4,4
1485949,3,4,3,3
1490744,3,4,3,3
1293696,4,4,3,4
1334545,4,4,1,3
1340462,4,4,3,4
1368187,4,4,4,4
1375035,4,4,3,4
1397072,4,4,3,4
1404934,4,4,1,3
1272605,4,4,3,4
1273016,4,4,5,4
1273869,4,4,3,4
1273880,4,4,4,4
1274594,4,4,5,4
1274791,4,4,5,4
1275066,4,4,4,4
1275403,4,4,5,4
1275526,4,4,4,4
1275591,4,4,4,4
1277434,4,4,4,4
1278453,4,4,4,4
1278577,4,4,4,4
1278582,4,4,4,4
1279042,4,4,4,4
1281398,4,4,3,4
1281854,4,4,5,4
1282338,4,4,4,4
1283820,4,4,5,4
1284838,4,4,4,4
1285056,4,4,4,4
1289093,4,4,4,4
1291052,4,4,4,4
1295042,4,4,4,4
1295233,4,4,5,4
1295261,4,4,4,4
1296517,4,4,4,4
1296984,4,4,5,4
1299270,4,4,4,4
1299528,4,4,3,4
1302051,4,4,3,4
1302571,4,4,5,4
1305748,4,4,3,4
1307045,4,4,4,4
1307442,4,4,4,4
1308681,4,4,4,4
1308897,4,4,3,4
1309273,4,4,5,4
1309400,4,4,3,4
1309578,4,4,4,4
1309932,4,4,5,4
1310100,4,4,4,4
1310414,4,4,3,4
1312943,4,4,3,4
1313168,4,4,4,4
1314385,4,4,5,4
1314633,4,4,3,4
1315164,4,4,5,4
1315197,4,4,5,4
1316015,4,4,5,4
1317614,4,4,5,4
1318992,4,4,5,4
1319319,4,4,5,4
1319690,4,4,4,4
1319730,4,4,5,4
1319778,4,4,5,4
1319890,4,4,4,4
1319952,4,4,4,4
1320109,4,4,4,4
1320472,4,4,4,4
1320775,4,4,3,4
1321817,4,4,4,4
1322915,4,4,4,4
1323341,4,4,4,4
1324107,4,4,5,4
1324428,4,4,4,4
1324897,4,4,3,4
1325129,4,4,5,4
1325940,4,4,5,4
1326199,4,4,5,4
1327503,4,4,3,4
1328879,4,4,4,4
1329301,4,4,3,4
1333156,4,4,4,4
1334058,4,4,3,4
1336330,4,4,4,4
1337559,4,4,4,4
1337569,4,4,5,4
1339569,4,4,3,4
1340041,4,4,4,4
1340379,4,4,4,4
1340632,4,4,4,4
1341323,4,4,3,4
1342895,4,4,4,4
1343000,4,4,4,4
1345012,4,4,5,4
1346645,4,4,4,4
1349017,4,4,4,4
1349495,4,4,5,4
1349628,4,4,5,4
1355567,4,4,4,4
1355978,4,4,3,4
1357276,4,4,4,4
1360750,4,4,3,4
1361067,4,4,3,4
1361666,4,4,4,4
1362077,4,4,5,4
1362147,4,4,4,4
1362277,4,4,4,4
1362345,4,4,3,4
1362882,4,4,5,4
1364813,4,4,4,4
1365706,4,4,4,4
1368885,4,4,5,4
1368927,4,4,3,4
1369011,4,4,5,4
1369623,4,4,4,4
1373184,4,4,5,4
1374576,4,4,5,4
1375898,4,4,4,4
1376520,4,4,4,4
1380826,4,4,3,4
1381401,4,4,5,4
1382323,4,4,4,4
1383453,4,4,4,4
1383994,4,4,5,4
1387308,4,4,5,4
1387511,4,4,3,4
1388173,4,4,3,4
1388287,4,4,5,4
1391076,4,4,3,4
1391275,4,4,5,4
1391700,4,4,4,4
1392376,4,4,4,4
1396562,4,4,3,4
1396768,4,4,3,4
1397008,4,4,4,4
1397686,4,4,4,4
1397900,4,4,3,4
1399641,4,4,5,4
1399702,4,4,4,4
1399778,4,4,5,4
1399788,4,4,4,4
1400063,4,4,3,4
1400712,4,4,4,4
1402040,4,4,4,4
1402069,4,4,3,4
1402681,4,4,4,4
1403878,4,4,4,4
1404060,4,4,3,4
1405851,4,4,4,4
1407264,4,4,3,4
1407878,4,4,4,4
1410426,4,4,4,4
1410508,4,4,5,4
1411054,4,4,4,4
1411065,4,4,5,4
1411376,4,4,4,4
1411558,4,4,3,4
1412043,4,4,4,4
1412216,4,4,4,4
1413766,4,4,3,4
1414308,4,4,4,4
1414761,4,4,4,4
1415595,4,4,4,4
1416734,4,4,3,4
1417313,4,4,3,4
1418492,4,4,4,4
1420184,4,4,5,4
1420966,4,4,4,4
1421056,4,4,4,4
1421087,4,4,4,4
1421831,4,4,5,4
1423286,4,4,4,4
1423406,4,4,3,4
1423446,4,4,3,4
1423670,4,4,4,4
1425791,4,4,4,4
1427869,4,4,4,4
1428512,4,4,4,4
1428878,4,4,3,4
1430920,4,4,3,4
1431734,4,4,3,4
1431963,4,4,4,4
1432861,4,4,4,4
1433091,4,4,4,4
1435599,4,4,5,4
1437807,4,4,4,4
1439344,4,4,3,4
1439884,4,4,4,4
1440059,4,4,4,4
1440958,4,4,5,4
1441052,4,4,4,4
1445286,4,4,4,4
1445624,4,4,3,4
1445864,4,4,4,4
1452666,4,4,5,4
1452869,4,4,3,4
1459270,4,4,3,4
1459731,4,4,3,4
1460076,4,4,4,4
1460269,4,4,3,4
1460359,4,4,4,4
1460473,4,4,4,4
1460674,4,4,4,4
1461036,4,4,4,4
1461569,4,4,3,4
1461827,4,4,5,4
1463688,4,4,5,4
1464850,4,4,3,4
1465690,4,4,5,4
1465844,4,4,4,4
1466071,4,4,4,4
1466918,4,4,4,4
1467764,4,4,5,4
1469110,4,4,4,4
1469557,4,4,4,4
1470947,4,4,3,4
1475192,4,4,4,4
1475193,4,4,5,4
1475488,4,4,3,4
1475806,4,4,4,4
1476086,4,4,3,4
1476547,4,4,5,4
1479727,4,4,4,4
1481592,4,4,4,4
1482249,4,4,5,4
1483276,4,4,4,4
1485976,4,4,5,4
1486055,4,4,4,4
1487736,4,4,3,4
1488140,4,4,4,4
1488765,4,4,3,4
1489058,4,4,5,4
1489747,4,4,4,4
1272862,5,4,4,5
1273597,5,4,4,5
1274370,5,4,3,4
1278357,5,4,4,5
1278438,5,4,5,5
1278745,5,4,4,5
1279442,5,4,4,5
1281117,5,4,5,5
1283866,5,4,5,5
1284598,5,4,4,5
1288747,5,4,4,5
1292636,5,4,4,5
1295306,5,4,4,5
1295790,5,4,3,4
1296010,5,4,3,4
1303427,5,4,4,5
1305154,5,4,3,4
1306367,5,4,4,5
1308847,5,4,5,5
1312632,5,4,3,4
1313363,5,4,3,4
1313722,5,4,3,4
1315307,5,4,4,5
1316610,5,4,5,5
1319948,5,4,4,5
1320762,5,4,4,5
1321840,5,4,4,5
1324131,5,4,5,5
1325467,5,4,4,5
1325518,5,4,3,4
1325748,5,4,5,5
1326628,5,4,4,5
1327860,5,4,3,4
1329145,5,4,4,5
1332021,5,4,3,4
1332905,5,4,5,5
1332977,5,4,3,4
1334032,5,4,5,5
1337758,5,4,5,5
1338877,5,4,3,4
1339641,5,4,5,5
1345882,5,4,5,5
1347222,5,4,5,5
1354588,5,4,5,5
1356202,5,4,4,5
1356855,5,4,4,5
1357774,5,4,4,5
1360651,5,4,4,5
1363027,5,4,5,5
1363940,5,4,4,5
1365490,5,4,5,5
1368417,5,4,4,5
1372378,5,4,3,4
1373863,5,4,4,5
1375933,5,4,5,5
1381722,5,4,5,5
1382455,5,4,3,4
1384366,5,4,4,5
1390601,5,4,4,5
1390892,5,4,4,5
1394217,5,4,5,5
1399676,5,4,4,5
1400098,5,4,5,5
1400134,5,4,4,5
1400447,5,4,4,5
1409260,5,4,4,5
1410237,5,4,3,4
1411041,5,4,4,5
1412136,5,4,4,5
1413425,5,4,4,5
1415411,5,4,3,4
1415455,5,4,3,4
1421261,5,4,4,5
1423234,5,4,5,5
1423404,5,4,4,5
1428783,5,4,3,4
1431446,5,4,4,5
1431806,5,4,5,5
1435429,5,4,5,5
1436449,5,4,4,5
1440161,5,4,3,4
1446743,5,4,4,5
1448376,5,4,3,4
1448901,5,4,4,5
1458937,5,4,4,5
1460082,5,4,4,5
1461655,5,4,4,5
1461736,5,4,4,5
1463937,5,4,4,5
1467469,5,4,4,5
1469469,5,4,4,5
1469563,5,4,4,5
1471258,5,4,3,4
1471360,5,4,5,5
1473194,5,4,5,5
1475160,5,4,4,5
1475450,5,4,5,5
1475520,5,4,5,5
1475643,5,4,4,5
1475994,5,4,3,4
1478605,5,4,3,4
1479807,5,4,4,5
1482678,5,4,4,5
1484555,5,4,5,5
1486423,5,4,4,5
1488122,5,4,4,5
1490031,5,4,4,5
1272382,3,5,3,4
1274380,3,5,4,4
1275049,3,5,4,4
1278164,3,5,4,4
1281422,3,5,4,4
1282907,3,5,4,4
1285973,3,5,5,4
1286666,3,5,4,4
1290777,3,5,4,4
1294239,3,5,5,4
1298182,3,5,4,4
1300833,3,5,4,4
1301872,3,5,3,4
1303141,3,5,3,4
1305743,3,5,5,4
1309181,3,5,5,4
1313278,3,5,5,4
1314741,3,5,4,4
1320133,3,5,5,4
1322618,3,5,5,4
1324907,3,5,5,4
1325251,3,5,4,4
1327413,3,5,3,4
1333664,3,5,3,4
1337547,3,5,3,4
1342004,3,5,3,4
1342229,3,5,4,4
1345344,3,5,5,4
1345462,3,5,4,4
1348051,3,5,4,4
1349612,3,5,5,4
1351034,3,5,4,4
1357067,3,5,4,4
1361935,3,5,5,4
1366405,3,5,4,4
1367306,3,5,4,4
1375224,3,5,4,4
1375637,3,5,4,4
1375764,3,5,4,4
1375797,3,5,4,4
1375856,3,5,5,4
1379363,3,5,5,4
1383040,3,5,4,4
1388440,3,5,4,4
1388827,3,5,5,4
1390211,3,5,5,4
1392463,3,5,4,4
1396638,3,5,3,4
1397085,3,5,5,4
1404174,3,5,4,4
1411043,3,5,3,4
1415345,3,5,5,4
1415661,3,5,5,4
1415846,3,5,5,4
1420214,3,5,3,4
1422226,3,5,4,4
1432537,3,5,3,4
1435978,3,5,4,4
1436340,3,5,4,4
1449283,3,5,3,4
1460940,3,5,4,4
1462368,3,5,4,4
1464729,3,5,5,4
1469759,3,5,5,4
1469849,3,5,4,4
1470745,3,5,4,4
1471691,3,5,3,4
1475478,3,5,5,4
1475686,3,5,5,4
1477058,3,5,4,4
1481426,3,5,4,4
1483811,3,5,3,4
1487031,3,5,4,4
1489001,3,5,3,4
1490893,3,5,5,4
1271867,4,5,4,4
1272279,4,5,5,5
1272995,4,5,5,5
1273974,4,5,4,4
1278568,4,5,5,5
1282357,4,5,4,4
1283616,4,5,3,4
1285302,4,5,3,4
1285450,4,5,4,4
1285907,4,5,5,5
1287589,4,5,3,4
1288316,4,5,5,5
1288898,4,5,3,4
1289120,4,5,3,4
1290057,4,5,4,4
1292640,4,5,3,4
1294926,4,5,4,4
1297003,4,5,4,4
1299077,4,5,5,5
1299116,4,5,5,5
1300113,4,5,3,4
1300636,4,5,4,4
1301828,4,5,3,4
1304233,4,5,4,4
1307374,4,5,4,4
1309357,4,5,4,4
1313245,4,5,4,4
1314734,4,5,5,5
1315483,4,5,3,4
1317915,4,5,4,4
1318984,4,5,4,4
1319465,4,5,4,4
1323121,4,5,4,4
1324760,4,5,3,4
1326272,4,5,5,5
1326413,4,5,4,4
1327880,4,5,4,4
1332223,4,5,5,5
1332835,4,5,3,4
1332930,4,5,5,5
1335220,4,5,4,4
1338356,4,5,4,4
1338770,4,5,3,4
1340078,4,5,4,4
1341028,4,5,5,5
1341158,4,5,5,5
1341790,4,5,5,5
1345750,4,5,4,4
1348054,4,5,5,5
1348191,4,5,4,4
1348384,4,5,5,5
1358015,4,5,5,5
1362706,4,5,4,4
1370542,4,5,5,5
1375289,4,5,4,4
1376681,4,5,4,4
1382296,4,5,3,4
1382655,4,5,4,4
1383208,4,5,4,4
1384371,4,5,3,4
1388212,4,5,5,5
1389157,4,5,4,4
1390563,4,5,3,4
1390879,4,5,4,4
1396624,4,5,5,5
1396853,4,5,5,5
1402130,4,5,4,4
1402533,4,5,3,4
1404138,4,5,5,5
1407478,4,5,3,4
1408396,4,5,3,4
1410011,4,5,3,4
1410684,4,5,5,5
1411242,4,5,5,5
1416124,4,5,4,4
1416821,4,5,4,4
1417206,4,5,4,4
1418789,4,5,5,5
1420250,4,5,4,4
1425167,4,5,5,5
1425958,4,5,5,5
1431738,4,5,3,4
1439831,4,5,4,4
1439941,4,5,3,4
1441275,4,5,3,4
1441676,4,5,4,4
1449602,4,5,4,4
1451876,4,5,4,4
1453835,4,5,4,4
1456007,4,5,3,4
1460128,4,5,4,4
1460371,4,5,4,4
1461443,4,5,5,5
1464215,4,5,5,5
1464579,4,5,4,4
1467554,4,5,4,4
1467907,4,5,4,4
1468018,4,5,5,5
1468470,4,5,4,4
1474519,4,5,4,4
1474551,4,5,5,5
1478663,4,5,5,5
1478888,4,5,4,4
1479010,4,5,4,4
1480973,4,5,3,4
1481205,4,5,4,4
1482108,4,5,5,5
1482641,4,5,4,4
1483591,4,5,5,5
1485490,4,5,4,4
1485494,4,5,3,4
1485930,4,5,5,5
1486233,4,5,4,4
1486365,4,5,5,5
1487030,4,5,4,4
1488069,4,5,3,4
1488419,4,5,5,5
1488560,4,5,3,4
1488919,4,5,5,5
1274372,5,5,4,5
1280783,5,5,3,5
1283165,5,5,3,5
1286491,5,5,4,5
1288050,5,5,5,5
1292228,5,5,5,5
1301681,5,5,3,5
1302542,5,5,5,5
1307542,5,5,3,5
1307885,5,5,4,5
1308096,5,5,4,5
1309144,5,5,4,5
1312507,5,5,4,5
1316225,5,5,4,5
1320078,5,5,5,5
1324793,5,5,4,5
1325090,5,5,3,5
1326425,5,5,4,5
1326813,5,5,4,5
1327985,5,5,4,5
1338928,5,5,5,5
1341379,5,5,4,5
1342253,5,5,3,5
1346272,5,5,4,5
1353687,5,5,3,5
1356981,5,5,4,5
1360705,5,5,4,5
1360855,5,5,3,5
1361699,5,5,3,5
1362043,5,5,3,5
1362071,5,5,4,5
1362593,5,5,4,5
1369655,5,5,3,5
1374913,5,5,3,5
1375133,5,5,4,5
1376484,5,5,4,5
1383274,5,5,3,5
1398111,5,5,4,5
1399659,5,5,3,5
1400249,5,5,3,5
1400749,5,5,3,5
1400751,5,5,3,5
1409320,5,5,3,5
1410487,5,5,4,5
1410621,5,5,5,5
1411868,5,5,5,5
1414427,5,5,5,5
1416833,5,5,5,5
1435826,5,5,3,5
1442711,5,5,4,5
1448867,5,5,3,5
1449731,5,5,4,5
1460015,5,5,5,5
1461579,5,5,4,5
1473244,5,5,3,5
1475505,5,5,4,5
1475937,5,5,4,5
1478949,5,5,4,5
1481534,5,5,3,5
1483671,5,5,4,5
1488027,5,5,4,5
1488852,5,5,4,5
1488929,5,5,3,5
1272439,5,5,5,5
1273258,5,5,5,5
1274209,5,5,5,5
1274328,5,5,5,5
1274627,5,5,5,5
1274698,5,5,5,5
1274928,5,5,5,5
1275397,5,5,5,5
1275614,5,5,5,5
1275844,5,5,5,5
1278795,5,5,5,5
1280260,5,5,5,5
1280728,5,5,5,5
1280978,5,5,5,5
1281021,5,5,5,5
1281140,5,5,5,5
1281924,5,5,5,5
1281976,5,5,5,5
1282217,5,5,5,5
1282255,5,5,5,5
1282262,5,5,5,5
1285292,5,5,5,5
1285538,5,5,5,5
1287603,5,5,5,5
1288088,5,5,5,5
1288233,5,5,5,5
1288482,5,5,5,5
1288638,5,5,5,5
1289129,5,5,5,5
1289666,5,5,5,5
1291099,5,5,5,5
1293011,5,5,5,5
1293363,5,5,5,5
1294741,5,5,5,5
1294906,5,5,5,5
1295060,5,5,5,5
1295399,5,5,5,5
1295548,5,5,5,5
1295861,5,5,5,5
1295913,5,5,5,5
1295984,5,5,5,5
1296071,5,5,5,5
1296267,5,5,5,5
1297245,5,5,5,5
1298899,5,5,5,5
1299003,5,5,5,5
1299511,5,5,5,5
1299568,5,5,5,5
1300200,5,5,5,5
1300896,5,5,5,5
1300950,5,5,5,5
1302395,5,5,5,5
1302535,5,5,5,5
1302758,5,5,5,5
1302763,5,5,5,5
1302923,5,5,5,5
1304038,5,5,5,5
1304046,5,5,5,5
1304049,5,5,5,5
1304225,5,5,5,5
1304864,5,5,5,5
1305097,5,5,5,5
1306217,5,5,5,5
1306242,5,5,5,5
1306394,5,5,5,5
1306650,5,5,5,5
1307411,5,5,5,5
1307597,5,5,5,5
1307724,5,5,5,5
1307915,5,5,5,5
1307918,5,5,5,5
1309196,5,5,5,5
1309233,5,5,5,5
1309592,5,5,5,5
1309736,5,5,5,5
1310082,5,5,5,5
1310141,5,5,5,5
1310161,5,5,5,5
1311619,5,5,5,5
1311634,5,5,5,5
1312557,5,5,5,5
1312806,5,5,5,5
1312871,5,5,5,5
1312958,5,5,5,5
1312984,5,5,5,5
1313334,5,5,5,5
1313541,5,5,5,5
1313799,5,5,5,5
1314060,5,5,5,5
1314103,5,5,5,5
1314380,5,5,5,5
1314509,5,5,5,5
1314576,5,5,5,5
1314690,5,5,5,5
1314804,5,5,5,5
1315028,5,5,5,5
1315957,5,5,5,5
1316867,5,5,5,5
1317449,5,5,5,5
1317520,5,5,5,5
1317548,5,5,5,5
1317755,5,5,5,5
1318428,5,5,5,5
1319359,5,5,5,5
1319722,5,5,5,5
1319878,5,5,5,5
1320098,5,5,5,5
1320393,5,5,5,5
1320596,5,5,5,5
1321028,5,5,5,5
1321249,5,5,5,5
1321420,5,5,5,5
1321950,5,5,5,5
1322133,5,5,5,5
1322489,5,5,5,5
1323206,5,5,5,5
1324192,5,5,5,5
1324440,5,5,5,5
1324784,5,5,5,5
1324963,5,5,5,5
1325048,5,5,5,5
1325228,5,5,5,5
1325343,5,5,5,5
1325428,5,5,5,5
1326026,5,5,5,5
1327104,5,5,5,5
1328573,5,5,5,5
1328765,5,5,5,5
1329428,5,5,5,5
1329635,5,5,5,5
1330000,5,5,5,5
1330102,5,5,5,5
1330397,5,5,5,5
1330430,5,5,5,5
1332089,5,5,5,5
1332465,5,5,5,5
1332784,5,5,5,5
1333126,5,5,5,5
1333297,5,5,5,5
1333533,5,5,5,5
1333648,5,5,5,5
1333805,5,5,5,5
1334028,5,5,5,5
1334725,5,5,5,5
1335273,5,5,5,5
1335349,5,5,5,5
1338571,5,5,5,5
1338696,5,5,5,5
1338892,5,5,5,5
1339902,5,5,5,5
1340408,5,5,5,5
1340513,5,5,5,5
1341064,5,5,5,5
1342323,5,5,5,5
1342484,5,5,5,5
1345056,5,5,5,5
1345181,5,5,5,5
1345239,5,5,5,5
1345457,5,5,5,5
1346012,5,5,5,5
1346096,5,5,5,5
1346136,5,5,5,5
1346178,5,5,5,5
1346192,5,5,5,5
1346604,5,5,5,5
1346885,5,5,5,5
1347879,5,5,5,5
1348554,5,5,5,5
1349047,5,5,5,5
1349082,5,5,5,5
1349638,5,5,5,5
1350000,5,5,5,5
1350042,5,5,5,5
1350046,5,5,5,5
1350817,5,5,5,5
1351400,5,5,5,5
1352017,5,5,5,5
1353563,5,5,5,5
1353716,5,5,5,5
1354189,5,5,5,5
1355405,5,5,5,5
1356137,5,5,5,5
1356295,5,5,5,5
1356529,5,5,5,5
1356544,5,5,5,5
1356719,5,5,5,5
1357194,5,5,5,5
1357538,5,5,5,5
1357882,5,5,5,5
1358777,5,5,5,5
1358851,5,5,5,5
1360232,5,5,5,5
1360772,5,5,5,5
1361095,5,5,5,5
1362146,5,5,5,5
1362278,5,5,5,5
1362282,5,5,5,5
1362370,5,5,5,5
1362490,5,5,5,5
1362559,5,5,5,5
1362561,5,5,5,5
1362784,5,5,5,5
1363091,5,5,5,5
1363124,5,5,5,5
1365392,5,5,5,5
1365467,5,5,5,5
1365731,5,5,5,5
1365953,5,5,5,5
1366920,5,5,5,5
1367484,5,5,5,5
1367654,5,5,5,5
1367848,5,5,5,5
1368007,5,5,5,5
1368510,5,5,5,5
1368732,5,5,5,5
1368990,5,5,5,5
1369055,5,5,5,5
1369210,5,5,5,5
1369853,5,5,5,5
1370809,5,5,5,5
1371397,5,5,5,5
1371933,5,5,5,5
1372641,5,5,5,5
1372691,5,5,5,5
1373741,5,5,5,5
1373922,5,5,5,5
1374370,5,5,5,5
1374826,5,5,5,5
1375042,5,5,5,5
1375149,5,5,5,5
1375213,5,5,5,5
1375309,5,5,5,5
1376218,5,5,5,5
1376806,5,5,5,5
1377135,5,5,5,5
1377931,5,5,5,5
1379264,5,5,5,5
1379953,5,5,5,5
1380032,5,5,5,5
1380986,5,5,5,5
1381697,5,5,5,5
1381756,5,5,5,5
1382081,5,5,5,5
1382391,5,5,5,5
1382676,5,5,5,5
1382971,5,5,5,5
1383245,5,5,5,5
1383649,5,5,5,5
1384130,5,5,5,5
1384961,5,5,5,5
1385849,5,5,5,5
1386294,5,5,5,5
1386428,5,5,5,5
1387373,5,5,5,5
1387450,5,5,5,5
1387533,5,5,5,5
1387892,5,5,5,5
1387976,5,5,5,5
1388244,5,5,5,5
1388335,5,5,5,5
1388758,5,5,5,5
1389254,5,5,5,5
1389613,5,5,5,5
1389967,5,5,5,5
1391024,5,5,5,5
1391037,5,5,5,5
1391985,5,5,5,5
1392597,5,5,5,5
1392614,5,5,5,5
1394175,5,5,5,5
1394199,5,5,5,5
1396388,5,5,5,5
1396474,5,5,5,5
1396696,5,5,5,5
1396773,5,5,5,5
1398254,5,5,5,5
1398715,5,5,5,5
1399248,5,5,5,5
1399378,5,5,5,5
1399893,5,5,5,5
1399930,5,5,5,5
1400016,5,5,5,5
1400418,5,5,5,5
1400629,5,5,5,5
1400812,5,5,5,5
1400982,5,5,5,5
1401336,5,5,5,5
1401433,5,5,5,5
1401634,5,5,5,5
1401681,5,5,5,5
1402469,5,5,5,5
1404334,5,5,5,5
1404877,5,5,5,5
1408190,5,5,5,5
1409912,5,5,5,5
1410146,5,5,5,5
1410394,5,5,5,5
1410396,5,5,5,5
1410540,5,5,5,5
1410685,5,5,5,5
1410875,5,5,5,5
1411032,5,5,5,5
1411139,5,5,5,5
1411258,5,5,5,5
1412602,5,5,5,5
1412979,5,5,5,5
1413257,5,5,5,5
1413321,5,5,5,5
1413450,5,5,5,5
1413588,5,5,5,5
1413622,5,5,5,5
1413869,5,5,5,5
1414651,5,5,5,5
1414957,5,5,5,5
1414958,5,5,5,5
1415714,5,5,5,5
1415784,5,5,5,5
1415951,5,5,5,5
1416029,5,5,5,5
1416277,5,5,5,5
1416391,5,5,5,5
1416809,5,5,5,5
1418133,5,5,5,5
1418537,5,5,5,5
1419260,5,5,5,5
1420668,5,5,5,5
1420682,5,5,5,5
1420809,5,5,5,5
1422423,5,5,5,5
1422918,5,5,5,5
1423636,5,5,5,5
1423988,5,5,5,5
1424346,5,5,5,5
1424980,5,5,5,5
1425891,5,5,5,5
1426262,5,5,5,5
1427214,5,5,5,5
1428444,5,5,5,5
1428513,5,5,5,5
1429063,5,5,5,5
1430161,5,5,5,5
1430474,5,5,5,5
1431134,5,5,5,5
1431894,5,5,5,5
1432155,5,5,5,5
1432731,5,5,5,5
1435109,5,5,5,5
1435268,5,5,5,5
1435438,5,5,5,5
1435592,5,5,5,5
1435705,5,5,5,5
1435752,5,5,5,5
1436514,5,5,5,5
1437438,5,5,5,5
1437531,5,5,5,5
1439425,5,5,5,5
1439637,5,5,5,5
1440067,5,5,5,5
1440078,5,5,5,5
1440313,5,5,5,5
1441340,5,5,5,5
1441786,5,5,5,5
1441866,5,5,5,5
1442392,5,5,5,5
1442723,5,5,5,5
1444388,5,5,5,5
1445305,5,5,5,5
1445794,5,5,5,5
1446321,5,5,5,5
1448345,5,5,5,5
1449471,5,5,5,5
1449841,5,5,5,5
1450285,5,5,5,5
1451131,5,5,5,5
1452042,5,5,5,5
1452216,5,5,5,5
1454148,5,5,5,5
1454287,5,5,5,5
1455916,5,5,5,5
1457487,5,5,5,5
1459983,5,5,5,5
1460730,5,5,5,5
1460888,5,5,5,5
1461146,5,5,5,5
1461147,5,5,5,5
1461564,5,5,5,5
1462085,5,5,5,5
1462161,5,5,5,5
1462290,5,5,5,5
1462435,5,5,5,5
1462819,5,5,5,5
1462934,5,5,5,5
1464434,5,5,5,5
1465052,5,5,5,5
1466046,5,5,5,5
1466288,5,5,5,5
1466452,5,5,5,5
1466486,5,5,5,5
1467477,5,5,5,5
1467798,5,5,5,5
1468148,5,5,5,5
1469083,5,5,5,5
1469251,5,5,5,5
1469301,5,5,5,5
1469382,5,5,5,5
1469477,5,5,5,5
1469948,5,5,5,5
1470199,5,5,5,5
1470276,5,5,5,5
1470557,5,5,5,5
1470587,5,5,5,5
1470962,5,5,5,5
1471389,5,5,5,5
1472950,5,5,5,5
1473053,5,5,5,5
1473228,5,5,5,5
1474166,5,5,5,5
1474791,5,5,5,5
1475023,5,5,5,5
1475432,5,5,5,5
1476070,5,5,5,5
1476180,5,5,5,5
1476238,5,5,5,5
1476249,5,5,5,5
1476615,5,5,5,5
1476695,5,5,5,5
1479415,5,5,5,5
1479663,5,5,5,5
1479768,5,5,5,5
1480054,5,5,5,5
1480390,5,5,5,5
1480580,5,5,5,5
1480880,5,5,5,5
1480981,5,5,5,5
1481295,5,5,5,5
1481308,5,5,5,5
1481577,5,5,5,5
1481974,5,5,5,5
1482669,5,5,5,5
1483121,5,5,5,5
1483384,5,5,5,5
1483458,5,5,5,5
1485917,5,5,5,5
1486178,5,5,5,5
1486556,5,5,5,5
1486870,5,5,5,5
1486962,5,5,5,5
1487074,5,5,5,5
1488086,5,5,5,5
1488446,5,5,5,5
1488823,5,5,5,5
1490419,5,5,5,5
1490865,5,5,5,5
1491424,5,5,5,5
